id,from_asset,to_asset,year,rep_period,efficiency,flow_coefficient_in_capacity_constraint,time_block_start,time_block_end,solution
1,NL_Wind_Offshore,NL_Balance,2030,1,1.0,1.0,1,6,0.0
2,NL_Wind_Offshore,NL_Balance,2030,1,1.0,1.0,7,12,0.0
3,NL_Wind_Offshore,NL_Balance,2030,1,1.0,1.0,13,18,0.0
4,NL_Wind_Offshore,NL_Balance,2030,1,1.0,1.0,19,24,0.0
5,NL_Nuclear,NL_Balance,2030,1,1.0,1.0,1,6,9.536738616588995e-07
6,NL_Nuclear,NL_Balance,2030,1,1.0,1.0,7,12,9.536743164062504e-07
7,NL_Nuclear,NL_Balance,2030,1,1.0,1.0,13,18,9.536743164062504e-07
8,NL_Nuclear,NL_Balance,2030,1,1.0,1.0,19,24,9.53672042669496e-07
9,NL_CCGT,NL_Balance,2030,1,1.0,1.0,1,6,0.0
10,NL_CCGT,NL_Balance,2030,1,1.0,1.0,7,12,0.0
11,NL_CCGT,NL_Balance,2030,1,1.0,1.0,13,18,0.0
12,NL_CCGT,NL_Balance,2030,1,1.0,1.0,19,24,0.0
13,NL_OCGT,NL_Balance,2030,1,1.0,1.0,1,6,0.0
14,NL_OCGT,NL_Balance,2030,1,1.0,1.0,7,12,0.0
15,NL_OCGT,NL_Balance,2030,1,1.0,1.0,13,18,0.0
16,NL_OCGT,NL_Balance,2030,1,1.0,1.0,19,24,0.0
17,NL_Battery,NL_Balance,2030,1,1.0,1.0,1,6,0.0
18,NL_Battery,NL_Balance,2030,1,1.0,1.0,7,12,0.0
19,NL_Battery,NL_Balance,2030,1,1.0,1.0,13,18,0.0
20,NL_Battery,NL_Balance,2030,1,1.0,1.0,19,24,0.0
21,NL_Balance,NL_Battery,2030,1,1.0,1.0,1,6,0.0
22,NL_Balance,NL_Battery,2030,1,1.0,1.0,7,12,0.0
23,NL_Balance,NL_Battery,2030,1,1.0,1.0,13,18,0.0
24,NL_Balance,NL_Battery,2030,1,1.0,1.0,19,24,0.0
25,BE_Wind_Onshore,BE_Balance,2030,1,1.0,1.0,1,6,5927.501301018192
26,BE_Wind_Onshore,BE_Balance,2030,1,1.0,1.0,7,12,4418.332638728738
27,BE_Wind_Onshore,BE_Balance,2030,1,1.0,1.0,13,18,4508.8631791505395
28,BE_Wind_Onshore,BE_Balance,2030,1,1.0,1.0,19,24,6046.372144363305
29,BE_Wind_Offshore,BE_Balance,2030,1,1.0,1.0,1,6,0.0
30,BE_Wind_Offshore,BE_Balance,2030,1,1.0,1.0,7,12,0.0
31,BE_Wind_Offshore,BE_Balance,2030,1,1.0,1.0,13,18,0.0
32,BE_Wind_Offshore,BE_Balance,2030,1,1.0,1.0,19,24,0.0
33,BE_Coal,BE_Balance,2030,1,1.0,1.0,1,6,2.384185791015626e-07
34,BE_Coal,BE_Balance,2030,1,1.0,1.0,7,12,2.384185791015626e-07
35,BE_Coal,BE_Balance,2030,1,1.0,1.0,13,18,2.384185791015626e-07
36,BE_Coal,BE_Balance,2030,1,1.0,1.0,19,24,0.0
37,BE_CCGT,BE_Balance,2030,1,1.0,1.0,1,6,0.0
38,BE_CCGT,BE_Balance,2030,1,1.0,1.0,7,12,0.0
39,BE_CCGT,BE_Balance,2030,1,1.0,1.0,13,18,0.0
40,BE_CCGT,BE_Balance,2030,1,1.0,1.0,19,24,0.0
41,BE_Battery,BE_Balance,2030,1,1.0,1.0,1,6,0.0
42,BE_Battery,BE_Balance,2030,1,1.0,1.0,7,12,0.1288537655961164
43,BE_Battery,BE_Balance,2030,1,1.0,1.0,13,18,0.1288537655961164
44,BE_Battery,BE_Balance,2030,1,1.0,1.0,19,24,0.1288537655961164
45,BE_Balance,BE_Battery,2030,1,1.0,1.0,1,6,0.12885376559611644
46,BE_Balance,BE_Battery,2030,1,1.0,1.0,7,12,0.0
47,BE_Balance,BE_Battery,2030,1,1.0,1.0,13,18,0.1288537655961164
48,BE_Balance,BE_Battery,2030,1,1.0,1.0,19,24,0.1288537655961164
49,DE_Balance,DE_E_Demand,2030,1,1.0,1.0,1,6,42644.751522358965
50,DE_Balance,DE_E_Demand,2030,1,1.0,1.0,7,12,54746.022864749204
51,DE_Balance,DE_E_Demand,2030,1,1.0,1.0,13,18,54612.72836007965
52,DE_Balance,DE_E_Demand,2030,1,1.0,1.0,19,24,44640.43045210777
53,DE_Solar,DE_Balance,2030,1,1.0,1.0,1,6,80.03569339528268
54,DE_Solar,DE_Balance,2030,1,1.0,1.0,7,12,33933.931137564614
55,DE_Solar,DE_Balance,2030,1,1.0,1.0,13,18,46331.225825459434
56,DE_Solar,DE_Balance,2030,1,1.0,1.0,19,24,2223.973723916036
57,DE_Wind_Onshore,DE_Balance,2030,1,1.0,1.0,1,6,46777.365965178324
58,DE_Wind_Onshore,DE_Balance,2030,1,1.0,1.0,7,12,25812.09172718459
59,DE_Wind_Onshore,DE_Balance,2030,1,1.0,1.0,13,18,13281.502534620216
60,DE_Wind_Onshore,DE_Balance,2030,1,1.0,1.0,19,24,47416.45672819173
61,DE_Wind_Offshore,DE_Balance,2030,1,1.0,1.0,1,6,0.0
62,DE_Wind_Offshore,DE_Balance,2030,1,1.0,1.0,7,12,0.0
63,DE_Wind_Offshore,DE_Balance,2030,1,1.0,1.0,13,18,0.0
64,DE_Wind_Offshore,DE_Balance,2030,1,1.0,1.0,19,24,0.0
65,DE_Coal,DE_Balance,2030,1,1.0,1.0,1,6,0.0
66,DE_Coal,DE_Balance,2030,1,1.0,1.0,7,12,0.0
67,DE_Coal,DE_Balance,2030,1,1.0,1.0,13,18,0.0
68,DE_Coal,DE_Balance,2030,1,1.0,1.0,19,24,0.0
69,DE_Nuclear,DE_Balance,2030,1,1.0,1.0,1,6,9.537029654893563e-07
70,DE_Nuclear,DE_Balance,2030,1,1.0,1.0,7,12,0.0
71,DE_Nuclear,DE_Balance,2030,1,1.0,1.0,13,18,0.0
72,DE_Nuclear,DE_Balance,2030,1,1.0,1.0,19,24,0.0
73,DE_CCGT,DE_Balance,2030,1,1.0,1.0,1,6,0.0
74,DE_CCGT,DE_Balance,2030,1,1.0,1.0,7,12,0.0
75,DE_CCGT,DE_Balance,2030,1,1.0,1.0,13,18,0.0
76,DE_CCGT,DE_Balance,2030,1,1.0,1.0,19,24,0.0
77,DE_OCGT,DE_Balance,2030,1,1.0,1.0,1,6,0.0
78,DE_OCGT,DE_Balance,2030,1,1.0,1.0,7,12,0.0
79,DE_OCGT,DE_Balance,2030,1,1.0,1.0,13,18,0.0
80,DE_OCGT,DE_Balance,2030,1,1.0,1.0,19,24,0.0
81,DE_Battery,DE_Balance,2030,1,1.0,1.0,1,6,0.0
82,DE_Battery,DE_Balance,2030,1,1.0,1.0,7,12,0.6016761825740105
83,DE_Battery,DE_Balance,2030,1,1.0,1.0,13,18,0.0
84,DE_Battery,DE_Balance,2030,1,1.0,1.0,19,24,0.0
85,DE_Balance,DE_Battery,2030,1,1.0,1.0,1,6,0.0
86,DE_Balance,DE_Battery,2030,1,1.0,1.0,7,12,0.6016761825740105
87,DE_Balance,DE_Battery,2030,1,1.0,1.0,13,18,0.0
88,DE_Balance,DE_Battery,2030,1,1.0,1.0,19,24,0.0
89,FR_Solar,FR_Balance,2030,1,1.0,1.0,1,6,0.06972291169811322
90,FR_Solar,FR_Balance,2030,1,1.0,1.0,7,12,9880.193422826489
91,FR_Solar,FR_Balance,2030,1,1.0,1.0,13,18,18033.36510537917
92,FR_Solar,FR_Balance,2030,1,1.0,1.0,19,24,1344.0390850093577
93,FR_Wind_Onshore,FR_Balance,2030,1,1.0,1.0,1,6,36716.30636658786
94,FR_Wind_Onshore,FR_Balance,2030,1,1.0,1.0,7,12,25461.76666308749
95,FR_Wind_Onshore,FR_Balance,2030,1,1.0,1.0,13,18,25174.69190460453
96,FR_Wind_Onshore,FR_Balance,2030,1,1.0,1.0,19,24,37184.76440604388
97,FR_Wind_Offshore,FR_Balance,2030,1,1.0,1.0,1,6,0.0
98,FR_Wind_Offshore,FR_Balance,2030,1,1.0,1.0,7,12,0.0
99,FR_Wind_Offshore,FR_Balance,2030,1,1.0,1.0,13,18,0.0
100,FR_Wind_Offshore,FR_Balance,2030,1,1.0,1.0,19,24,0.0
101,FR_Coal,FR_Balance,2030,1,1.0,1.0,1,6,0.0
102,FR_Coal,FR_Balance,2030,1,1.0,1.0,7,12,2.384185791015626e-07
103,FR_Coal,FR_Balance,2030,1,1.0,1.0,13,18,2.384185791015626e-07
104,FR_Coal,FR_Balance,2030,1,1.0,1.0,19,24,2.384185791015626e-07
105,FR_Nuclear,FR_Balance,2030,1,1.0,1.0,1,6,9.536743164062504e-07
106,FR_Nuclear,FR_Balance,2030,1,1.0,1.0,7,12,9.536743164062504e-07
107,FR_Nuclear,FR_Balance,2030,1,1.0,1.0,13,18,9.536743164062504e-07
108,FR_Nuclear,FR_Balance,2030,1,1.0,1.0,19,24,9.536743164062504e-07
109,FR_CCGT,FR_Balance,2030,1,1.0,1.0,1,6,0.0
110,FR_CCGT,FR_Balance,2030,1,1.0,1.0,7,12,1785.0
111,FR_CCGT,FR_Balance,2030,1,1.0,1.0,13,18,0.0
112,FR_CCGT,FR_Balance,2030,1,1.0,1.0,19,24,1785.0
113,FR_OCGT,FR_Balance,2030,1,1.0,1.0,1,6,0.0
114,FR_OCGT,FR_Balance,2030,1,1.0,1.0,7,12,4938.83195069629
115,FR_OCGT,FR_Balance,2030,1,1.0,1.0,13,18,0.0
116,FR_OCGT,FR_Balance,2030,1,1.0,1.0,19,24,5912.292862733718
117,FR_Battery,FR_Balance,2030,1,1.0,1.0,1,6,0.0
118,FR_Battery,FR_Balance,2030,1,1.0,1.0,7,12,0.5783955594482783
119,FR_Battery,FR_Balance,2030,1,1.0,1.0,13,18,0.0
120,FR_Battery,FR_Balance,2030,1,1.0,1.0,19,24,0.5783955594482783
121,FR_Balance,FR_Battery,2030,1,1.0,1.0,1,6,0.5783955594482781
122,FR_Balance,FR_Battery,2030,1,1.0,1.0,7,12,0.0
123,FR_Balance,FR_Battery,2030,1,1.0,1.0,13,18,0.5783955594482785
124,FR_Balance,FR_Battery,2030,1,1.0,1.0,19,24,0.0
125,LU_Balance,LU_E_Demand,2030,1,1.0,1.0,1,6,523.5070864480001
126,LU_Balance,LU_E_Demand,2030,1,1.0,1.0,7,12,651.820643296
127,LU_Balance,LU_E_Demand,2030,1,1.0,1.0,13,18,665.0219566159999
128,LU_Balance,LU_E_Demand,2030,1,1.0,1.0,19,24,590.23085792
129,LU_Solar,LU_Balance,2030,1,1.0,1.0,1,6,0.0
130,LU_Solar,LU_Balance,2030,1,1.0,1.0,7,12,0.0
131,LU_Solar,LU_Balance,2030,1,1.0,1.0,13,18,0.0
132,LU_Solar,LU_Balance,2030,1,1.0,1.0,19,24,0.0
133,LU_Wind_Onshore,LU_Balance,2030,1,1.0,1.0,1,6,0.0
134,LU_Wind_Onshore,LU_Balance,2030,1,1.0,1.0,7,12,0.0
135,LU_Wind_Onshore,LU_Balance,2030,1,1.0,1.0,13,18,0.0
136,LU_Wind_Onshore,LU_Balance,2030,1,1.0,1.0,19,24,0.0
137,LU_Wind_Offshore,LU_Balance,2030,1,1.0,1.0,1,6,0.0
138,LU_Wind_Offshore,LU_Balance,2030,1,1.0,1.0,7,12,0.0
139,LU_Wind_Offshore,LU_Balance,2030,1,1.0,1.0,13,18,0.0
140,LU_Wind_Offshore,LU_Balance,2030,1,1.0,1.0,19,24,0.0
141,LU_Coal,LU_Balance,2030,1,1.0,1.0,1,6,1504.8455611606737
142,LU_Coal,LU_Balance,2030,1,1.0,1.0,7,12,1651.8206423423258
143,LU_Coal,LU_Balance,2030,1,1.0,1.0,13,18,0.0
144,LU_Coal,LU_Balance,2030,1,1.0,1.0,19,24,1590.2308569663255
145,LU_Nuclear,LU_Balance,2030,1,1.0,1.0,1,6,9.536743164062504e-07
146,LU_Nuclear,LU_Balance,2030,1,1.0,1.0,7,12,9.536743164062504e-07
147,LU_Nuclear,LU_Balance,2030,1,1.0,1.0,13,18,9.536743164062504e-07
148,LU_Nuclear,LU_Balance,2030,1,1.0,1.0,19,24,9.536743164062504e-07
149,LU_CCGT,LU_Balance,2030,1,1.0,1.0,1,6,0.0
150,LU_CCGT,LU_Balance,2030,1,1.0,1.0,7,12,0.0
151,LU_CCGT,LU_Balance,2030,1,1.0,1.0,13,18,0.0
152,LU_CCGT,LU_Balance,2030,1,1.0,1.0,19,24,0.0
153,LU_Battery,LU_Balance,2030,1,1.0,1.0,1,6,0.0
154,LU_Battery,LU_Balance,2030,1,1.0,1.0,7,12,0.0
155,LU_Battery,LU_Balance,2030,1,1.0,1.0,13,18,0.0
156,LU_Battery,LU_Balance,2030,1,1.0,1.0,19,24,0.0
157,CH_Solar,CH_Balance,2030,1,1.0,1.0,1,6,0.4660541702264121
158,CH_Solar,CH_Balance,2030,1,1.0,1.0,7,12,3009.495240939508
159,CH_Solar,CH_Balance,2030,1,1.0,1.0,13,18,4555.022561000264
160,CH_Solar,CH_Balance,2030,1,1.0,1.0,19,24,240.65841589709405
161,CH_Wind_Onshore,CH_Balance,2030,1,1.0,1.0,1,6,1794.5911898542317
162,CH_Wind_Onshore,CH_Balance,2030,1,1.0,1.0,7,12,1904.8674478112066
163,CH_Wind_Onshore,CH_Balance,2030,1,1.0,1.0,13,18,1866.9050567285904
164,CH_Wind_Onshore,CH_Balance,2030,1,1.0,1.0,19,24,3135.9828690930494
165,CH_Wind_Offshore,CH_Balance,2030,1,1.0,1.0,1,6,0.0
166,CH_Wind_Offshore,CH_Balance,2030,1,1.0,1.0,7,12,0.0
167,CH_Wind_Offshore,CH_Balance,2030,1,1.0,1.0,13,18,0.0
168,CH_Wind_Offshore,CH_Balance,2030,1,1.0,1.0,19,24,0.0
169,CH_Coal,CH_Balance,2030,1,1.0,1.0,1,6,0.0
170,CH_Coal,CH_Balance,2030,1,1.0,1.0,7,12,0.0
171,CH_Coal,CH_Balance,2030,1,1.0,1.0,13,18,0.0
172,CH_Coal,CH_Balance,2030,1,1.0,1.0,19,24,0.0
173,CH_Nuclear,CH_Balance,2030,1,1.0,1.0,1,6,0.0
174,CH_Nuclear,CH_Balance,2030,1,1.0,1.0,7,12,0.0
175,CH_Nuclear,CH_Balance,2030,1,1.0,1.0,13,18,0.0
176,CH_Nuclear,CH_Balance,2030,1,1.0,1.0,19,24,0.0
177,CH_CCGT,CH_Balance,2030,1,1.0,1.0,1,6,1730.6742261141894
178,CH_CCGT,CH_Balance,2030,1,1.0,1.0,7,12,799.5130329554668
179,CH_CCGT,CH_Balance,2030,1,1.0,1.0,13,18,0.0
180,CH_CCGT,CH_Balance,2030,1,1.0,1.0,19,24,1518.3240212096707
181,CH_OCGT,CH_Balance,2030,1,1.0,1.0,1,6,0.0
182,CH_OCGT,CH_Balance,2030,1,1.0,1.0,7,12,0.0
183,CH_OCGT,CH_Balance,2030,1,1.0,1.0,13,18,0.0
184,CH_OCGT,CH_Balance,2030,1,1.0,1.0,19,24,0.0
185,CH_Battery,CH_Balance,2030,1,1.0,1.0,1,6,0.0
186,CH_Battery,CH_Balance,2030,1,1.0,1.0,7,12,481.8055009950531
187,CH_Battery,CH_Balance,2030,1,1.0,1.0,13,18,0.0
188,CH_Battery,CH_Balance,2030,1,1.0,1.0,19,24,481.8055009950531
189,CH_Balance,CH_Battery,2030,1,1.0,1.0,1,6,481.8055009950531
190,CH_Balance,CH_Battery,2030,1,1.0,1.0,7,12,0.0
191,CH_Balance,CH_Battery,2030,1,1.0,1.0,13,18,481.8055009950531
192,CH_Balance,CH_Battery,2030,1,1.0,1.0,19,24,0.0
193,UK_Balance,UK_E_Demand,2030,1,1.0,1.0,1,6,22321.4980629362
194,UK_Balance,UK_E_Demand,2030,1,1.0,1.0,7,12,34175.98346733675
195,UK_Balance,UK_E_Demand,2030,1,1.0,1.0,13,18,36157.03158581786
196,UK_Balance,UK_E_Demand,2030,1,1.0,1.0,19,24,33154.716206755875
197,UK_Solar,UK_Balance,2030,1,1.0,1.0,1,6,0.0001226486037735849
198,UK_Solar,UK_Balance,2030,1,1.0,1.0,7,12,3.388891228698112
199,UK_Solar,UK_Balance,2030,1,1.0,1.0,13,18,6.769057926849057
200,UK_Solar,UK_Balance,2030,1,1.0,1.0,19,24,0.8250657034528299
201,UK_Wind_Onshore,UK_Balance,2030,1,1.0,1.0,1,6,25321.497940287598
202,UK_Wind_Onshore,UK_Balance,2030,1,1.0,1.0,7,12,32670.753128152915
203,UK_Wind_Onshore,UK_Balance,2030,1,1.0,1.0,13,18,37835.94077074938
204,UK_Wind_Onshore,UK_Balance,2030,1,1.0,1.0,19,24,36153.89114105242
205,UK_Wind_Offshore,UK_Balance,2030,1,1.0,1.0,1,6,0.0
206,UK_Wind_Offshore,UK_Balance,2030,1,1.0,1.0,7,12,0.0
207,UK_Wind_Offshore,UK_Balance,2030,1,1.0,1.0,13,18,0.0
208,UK_Wind_Offshore,UK_Balance,2030,1,1.0,1.0,19,24,0.0
209,UK_Coal,UK_Balance,2030,1,1.0,1.0,1,6,0.0
210,UK_Coal,UK_Balance,2030,1,1.0,1.0,7,12,4120.0
211,UK_Coal,UK_Balance,2030,1,1.0,1.0,13,18,0.0
212,UK_Coal,UK_Balance,2030,1,1.0,1.0,19,24,0.0
213,UK_Nuclear,UK_Balance,2030,1,1.0,1.0,1,6,0.0
214,UK_Nuclear,UK_Balance,2030,1,1.0,1.0,7,12,9.536743164062504e-07
215,UK_Nuclear,UK_Balance,2030,1,1.0,1.0,13,18,9.536743164062504e-07
216,UK_Nuclear,UK_Balance,2030,1,1.0,1.0,19,24,0.0
217,UK_CCGT,UK_Balance,2030,1,1.0,1.0,1,6,0.0
218,UK_CCGT,UK_Balance,2030,1,1.0,1.0,7,12,0.0
219,UK_CCGT,UK_Balance,2030,1,1.0,1.0,13,18,0.0
220,UK_CCGT,UK_Balance,2030,1,1.0,1.0,19,24,0.0
221,UK_OCGT,UK_Balance,2030,1,1.0,1.0,1,6,0.0
222,UK_OCGT,UK_Balance,2030,1,1.0,1.0,7,12,0.0
223,UK_OCGT,UK_Balance,2030,1,1.0,1.0,13,18,0.0
224,UK_OCGT,UK_Balance,2030,1,1.0,1.0,19,24,0.0
225,UK_Battery,UK_Balance,2030,1,1.0,1.0,1,6,0.0
226,UK_Battery,UK_Balance,2030,1,1.0,1.0,7,12,0.0
227,UK_Battery,UK_Balance,2030,1,1.0,1.0,13,18,0.0
228,UK_Battery,UK_Balance,2030,1,1.0,1.0,19,24,0.0
229,UK_Balance,UK_Battery,2030,1,1.0,1.0,1,6,0.0
230,UK_Balance,UK_Battery,2030,1,1.0,1.0,7,12,0.0
231,UK_Balance,UK_Battery,2030,1,1.0,1.0,13,18,0.0
232,UK_Balance,UK_Battery,2030,1,1.0,1.0,19,24,0.0
233,NL_Balance,DE_Balance,2030,1,1.0,1.0,1,6,-212.65013716835176
234,NL_Balance,DE_Balance,2030,1,1.0,1.0,7,12,-1000.0
235,NL_Balance,DE_Balance,2030,1,1.0,1.0,13,18,-1000.0
236,NL_Balance,DE_Balance,2030,1,1.0,1.0,19,24,-1000.0
237,NL_Balance,UK_Balance,2030,1,1.0,1.0,1,6,-1000.0
238,NL_Balance,UK_Balance,2030,1,1.0,1.0,7,12,-618.1585529985401
239,NL_Balance,UK_Balance,2030,1,1.0,1.0,13,18,-917.8929269199915
240,NL_Balance,UK_Balance,2030,1,1.0,1.0,19,24,-1000.0
241,NL_Balance,BE_Balance,2030,1,1.0,1.0,1,6,-486.568969414173
242,NL_Balance,BE_Balance,2030,1,1.0,1.0,7,12,-825.4771270135071
243,NL_Balance,BE_Balance,2030,1,1.0,1.0,13,18,-1000.0
244,NL_Balance,BE_Balance,2030,1,1.0,1.0,19,24,511.35722781444457
245,BE_Balance,DE_Balance,2030,1,1.0,1.0,1,6,-1000.0
246,BE_Balance,DE_Balance,2030,1,1.0,1.0,7,12,-1000.0
247,BE_Balance,DE_Balance,2030,1,1.0,1.0,13,18,-1000.0
248,BE_Balance,DE_Balance,2030,1,1.0,1.0,19,24,-1000.0
249,BE_Balance,UK_Balance,2030,1,1.0,1.0,1,6,-1000.0
250,BE_Balance,UK_Balance,2030,1,1.0,1.0,7,12,-1000.0
251,BE_Balance,UK_Balance,2030,1,1.0,1.0,13,18,-513.8791291003481
252,BE_Balance,UK_Balance,2030,1,1.0,1.0,19,24,-1000.0
253,BE_Balance,FR_Balance,2030,1,1.0,1.0,1,6,1000.0
254,BE_Balance,FR_Balance,2030,1,1.0,1.0,7,12,1000.0
255,BE_Balance,FR_Balance,2030,1,1.0,1.0,13,18,1000.0
256,BE_Balance,FR_Balance,2030,1,1.0,1.0,19,24,1000.0
257,BE_Balance,LU_Balance,2030,1,1.0,1.0,1,6,-1000.0
258,BE_Balance,LU_Balance,2030,1,1.0,1.0,7,12,-1000.0
259,BE_Balance,LU_Balance,2030,1,1.0,1.0,13,18,665.0219556623256
260,BE_Balance,LU_Balance,2030,1,1.0,1.0,19,24,-1000.0
261,DE_Balance,FR_Balance,2030,1,1.0,1.0,1,6,1000.0
262,DE_Balance,FR_Balance,2030,1,1.0,1.0,7,12,1000.0
263,DE_Balance,FR_Balance,2030,1,1.0,1.0,13,18,1000.0
264,DE_Balance,FR_Balance,2030,1,1.0,1.0,19,24,1000.0
265,DE_Balance,CH_Balance,2030,1,1.0,1.0,1,6,1000.0
266,DE_Balance,CH_Balance,2030,1,1.0,1.0,7,12,1000.0
267,DE_Balance,CH_Balance,2030,1,1.0,1.0,13,18,1000.0
268,DE_Balance,CH_Balance,2030,1,1.0,1.0,19,24,1000.0
269,DE_Balance,LU_Balance,2030,1,1.0,1.0,1,6,1000.0
270,DE_Balance,LU_Balance,2030,1,1.0,1.0,7,12,1000.0
271,DE_Balance,LU_Balance,2030,1,1.0,1.0,13,18,1000.0
272,DE_Balance,LU_Balance,2030,1,1.0,1.0,19,24,1000.0
273,FR_Balance,UK_Balance,2030,1,1.0,1.0,1,6,-1000.0
274,FR_Balance,UK_Balance,2030,1,1.0,1.0,7,12,-1000.0
275,FR_Balance,UK_Balance,2030,1,1.0,1.0,13,18,-253.9061877917066
276,FR_Balance,UK_Balance,2030,1,1.0,1.0,19,24,-1000.0
277,FR_Balance,CH_Balance,2030,1,1.0,1.0,1,6,1000.0
278,FR_Balance,CH_Balance,2030,1,1.0,1.0,7,12,-1000.0
279,FR_Balance,CH_Balance,2030,1,1.0,1.0,13,18,-1000.0
280,FR_Balance,CH_Balance,2030,1,1.0,1.0,19,24,-1000.0
281,FR_Balance,LU_Balance,2030,1,1.0,1.0,1,6,-981.338475666348
282,FR_Balance,LU_Balance,2030,1,1.0,1.0,7,12,-1000.0
283,FR_Balance,LU_Balance,2030,1,1.0,1.0,13,18,-1000.0
284,FR_Balance,LU_Balance,2030,1,1.0,1.0,19,24,-1000.0
285,NL_Balance,NL_E_Demand,2030,1,1.0,1.0,1,6,11330.018870407119
286,NL_Balance,NL_E_Demand,2030,1,1.0,1.0,7,12,13126.20489369076
287,NL_Balance,NL_E_Demand,2030,1,1.0,1.0,13,18,13754.420665649843
288,NL_Balance,NL_E_Demand,2030,1,1.0,1.0,19,24,12095.730728059823
289,NL_Solar,NL_Balance,2030,1,1.0,1.0,1,6,2.0513321669433675
290,NL_Solar,NL_Balance,2030,1,1.0,1.0,7,12,2932.9821616882064
291,NL_Solar,NL_Balance,2030,1,1.0,1.0,13,18,4642.423632926944
292,NL_Solar,NL_Balance,2030,1,1.0,1.0,19,24,317.4843854576602
293,NL_Wind_Onshore,NL_Balance,2030,1,1.0,1.0,1,6,6734.496860270752
294,NL_Wind_Onshore,NL_Balance,2030,1,1.0,1.0,7,12,4572.028184916274
295,NL_Wind_Onshore,NL_Balance,2030,1,1.0,1.0,13,18,4659.242780778313
296,NL_Wind_Onshore,NL_Balance,2030,1,1.0,1.0,19,24,7434.071619211823
297,BE_Nuclear,BE_Balance,2030,1,1.0,1.0,1,6,0.0
298,BE_Nuclear,BE_Balance,2030,1,1.0,1.0,7,12,0.0
299,BE_Nuclear,BE_Balance,2030,1,1.0,1.0,13,18,0.0
300,BE_Nuclear,BE_Balance,2030,1,1.0,1.0,19,24,0.0
301,FR_Balance,FR_E_Demand,2030,1,1.0,1.0,1,6,39697.13617056014
302,FR_Balance,FR_E_Demand,2030,1,1.0,1.0,7,12,47066.37043336181
303,FR_Balance,FR_E_Demand,2030,1,1.0,1.0,13,18,47461.38480340805
304,FR_Balance,FR_E_Demand,2030,1,1.0,1.0,19,24,51226.6747505385
305,LU_Balance,LU_Battery,2030,1,1.0,1.0,1,6,0.0
306,LU_Balance,LU_Battery,2030,1,1.0,1.0,7,12,0.0
307,LU_Balance,LU_Battery,2030,1,1.0,1.0,13,18,0.0
308,LU_Balance,LU_Battery,2030,1,1.0,1.0,19,24,0.0
309,CH_Balance,CH_E_Demand,2030,1,1.0,1.0,1,6,5043.925969143595
310,CH_Balance,CH_E_Demand,2030,1,1.0,1.0,7,12,6195.681222701235
311,CH_Balance,CH_E_Demand,2030,1,1.0,1.0,13,18,5940.122116733802
312,CH_Balance,CH_E_Demand,2030,1,1.0,1.0,19,24,5376.770807194867
313,BE_OCGT,BE_Balance,2030,1,1.0,1.0,1,6,0.0
314,BE_OCGT,BE_Balance,2030,1,1.0,1.0,7,12,0.0
315,BE_OCGT,BE_Balance,2030,1,1.0,1.0,13,18,0.0
316,BE_OCGT,BE_Balance,2030,1,1.0,1.0,19,24,0.0
317,LU_OCGT,LU_Balance,2030,1,1.0,1.0,1,6,0.0
318,LU_OCGT,LU_Balance,2030,1,1.0,1.0,7,12,0.0
319,LU_OCGT,LU_Balance,2030,1,1.0,1.0,13,18,0.0
320,LU_OCGT,LU_Balance,2030,1,1.0,1.0,19,24,0.0
321,NL_Coal,NL_Balance,2030,1,1.0,1.0,1,6,2894.251570433224
322,NL_Coal,NL_Balance,2030,1,1.0,1.0,7,12,3177.558866120558
323,NL_Coal,NL_Balance,2030,1,1.0,1.0,13,18,1534.8613240709192
324,NL_Coal,NL_Balance,2030,1,1.0,1.0,19,24,2855.5319502511106
325,BE_Balance,BE_E_Demand,2030,1,1.0,1.0,1,6,7441.136318238539
326,BE_Balance,BE_E_Demand,2030,1,1.0,1.0,7,12,9364.23596304849
327,BE_Balance,BE_E_Demand,2030,1,1.0,1.0,13,18,9606.808790483585
328,BE_Balance,BE_E_Demand,2030,1,1.0,1.0,19,24,8993.456807623976
329,BE_Solar,BE_Balance,2030,1,1.0,1.0,1,6,0.332840161697988
330,BE_Solar,BE_Balance,2030,1,1.0,1.0,7,12,3771.2515973292443
331,BE_Solar,BE_Balance,2030,1,1.0,1.0,13,18,6249.088437656604
332,BE_Solar,BE_Balance,2030,1,1.0,1.0,19,24,435.72743544622625
333,NL_Balance,NL_E_Demand,2030,2,1.0,1.0,1,6,13252.604947604203
334,NL_Balance,NL_E_Demand,2030,2,1.0,1.0,7,12,15280.211458814065
335,NL_Balance,NL_E_Demand,2030,2,1.0,1.0,13,18,15818.802673848137
336,NL_Balance,NL_E_Demand,2030,2,1.0,1.0,19,24,14332.44694523125
337,NL_Solar,NL_Balance,2030,2,1.0,1.0,1,6,0.0
338,NL_Solar,NL_Balance,2030,2,1.0,1.0,7,12,1943.8636784148177
339,NL_Solar,NL_Balance,2030,2,1.0,1.0,13,18,3516.2961221908176
340,NL_Solar,NL_Balance,2030,2,1.0,1.0,19,24,57.48243097209074
341,NL_Wind_Onshore,NL_Balance,2030,2,1.0,1.0,1,6,10252.604946650528
342,NL_Wind_Onshore,NL_Balance,2030,2,1.0,1.0,7,12,9008.066088720472
343,NL_Wind_Onshore,NL_Balance,2030,2,1.0,1.0,13,18,7473.387039969888
344,NL_Wind_Onshore,NL_Balance,2030,2,1.0,1.0,19,24,10397.781043931585
345,NL_Wind_Offshore,NL_Balance,2030,2,1.0,1.0,1,6,0.0
346,NL_Wind_Offshore,NL_Balance,2030,2,1.0,1.0,7,12,0.0
347,NL_Wind_Offshore,NL_Balance,2030,2,1.0,1.0,13,18,0.0
348,NL_Wind_Offshore,NL_Balance,2030,2,1.0,1.0,19,24,0.0
349,NL_CCGT,NL_Balance,2030,2,1.0,1.0,1,6,0.0
350,NL_CCGT,NL_Balance,2030,2,1.0,1.0,7,12,0.0
351,NL_CCGT,NL_Balance,2030,2,1.0,1.0,13,18,0.0
352,NL_CCGT,NL_Balance,2030,2,1.0,1.0,19,24,0.0
353,NL_OCGT,NL_Balance,2030,2,1.0,1.0,1,6,0.0
354,NL_OCGT,NL_Balance,2030,2,1.0,1.0,7,12,0.0
355,NL_OCGT,NL_Balance,2030,2,1.0,1.0,13,18,0.0
356,NL_OCGT,NL_Balance,2030,2,1.0,1.0,19,24,0.0
357,NL_Battery,NL_Balance,2030,2,1.0,1.0,1,6,0.0
358,NL_Battery,NL_Balance,2030,2,1.0,1.0,7,12,0.0
359,NL_Battery,NL_Balance,2030,2,1.0,1.0,13,18,0.0
360,NL_Battery,NL_Balance,2030,2,1.0,1.0,19,24,0.0
361,BE_Wind_Onshore,BE_Balance,2030,2,1.0,1.0,1,6,5814.688662240418
362,BE_Wind_Onshore,BE_Balance,2030,2,1.0,1.0,7,12,7554.6287646661485
363,BE_Wind_Onshore,BE_Balance,2030,2,1.0,1.0,13,18,6889.000973316453
364,BE_Wind_Onshore,BE_Balance,2030,2,1.0,1.0,19,24,8663.702175362605
365,BE_Wind_Offshore,BE_Balance,2030,2,1.0,1.0,1,6,0.0
366,BE_Wind_Offshore,BE_Balance,2030,2,1.0,1.0,7,12,0.0
367,BE_Wind_Offshore,BE_Balance,2030,2,1.0,1.0,13,18,0.0
368,BE_Wind_Offshore,BE_Balance,2030,2,1.0,1.0,19,24,0.0
369,BE_Coal,BE_Balance,2030,2,1.0,1.0,1,6,0.0
370,BE_Coal,BE_Balance,2030,2,1.0,1.0,7,12,0.0
371,BE_Coal,BE_Balance,2030,2,1.0,1.0,13,18,0.0
372,BE_Coal,BE_Balance,2030,2,1.0,1.0,19,24,0.0
373,BE_Nuclear,BE_Balance,2030,2,1.0,1.0,1,6,0.0
374,BE_Nuclear,BE_Balance,2030,2,1.0,1.0,7,12,0.0
375,BE_Nuclear,BE_Balance,2030,2,1.0,1.0,13,18,0.0
376,BE_Nuclear,BE_Balance,2030,2,1.0,1.0,19,24,0.0
377,BE_CCGT,BE_Balance,2030,2,1.0,1.0,1,6,0.0
378,BE_CCGT,BE_Balance,2030,2,1.0,1.0,7,12,0.0
379,BE_CCGT,BE_Balance,2030,2,1.0,1.0,13,18,0.0
380,BE_CCGT,BE_Balance,2030,2,1.0,1.0,19,24,0.0
381,BE_OCGT,BE_Balance,2030,2,1.0,1.0,1,6,0.0
382,BE_OCGT,BE_Balance,2030,2,1.0,1.0,7,12,0.0
383,BE_OCGT,BE_Balance,2030,2,1.0,1.0,13,18,0.0
384,BE_OCGT,BE_Balance,2030,2,1.0,1.0,19,24,0.0
385,BE_Battery,BE_Balance,2030,2,1.0,1.0,1,6,0.0
386,BE_Battery,BE_Balance,2030,2,1.0,1.0,7,12,0.1288537655961164
387,BE_Battery,BE_Balance,2030,2,1.0,1.0,13,18,0.1288537655961164
388,BE_Battery,BE_Balance,2030,2,1.0,1.0,19,24,0.0
389,BE_Balance,BE_Battery,2030,2,1.0,1.0,1,6,0.12885376559611644
390,BE_Balance,BE_Battery,2030,2,1.0,1.0,7,12,0.0
391,BE_Balance,BE_Battery,2030,2,1.0,1.0,13,18,0.1288537655961164
392,BE_Balance,BE_Battery,2030,2,1.0,1.0,19,24,0.0
393,DE_Balance,DE_E_Demand,2030,2,1.0,1.0,1,6,57185.31699920978
394,DE_Balance,DE_E_Demand,2030,2,1.0,1.0,7,12,67015.33364649898
395,DE_Balance,DE_E_Demand,2030,2,1.0,1.0,13,18,66189.9098332712
396,DE_Balance,DE_E_Demand,2030,2,1.0,1.0,19,24,59574.23570766699
397,DE_Solar,DE_Balance,2030,2,1.0,1.0,1,6,0.0
398,DE_Solar,DE_Balance,2030,2,1.0,1.0,7,12,23149.739601613637
399,DE_Solar,DE_Balance,2030,2,1.0,1.0,13,18,35601.29429432727
400,DE_Solar,DE_Balance,2030,2,1.0,1.0,19,24,296.422101388635
401,DE_Wind_Onshore,DE_Balance,2030,2,1.0,1.0,1,6,60185.31699920978
402,DE_Wind_Onshore,DE_Balance,2030,2,1.0,1.0,7,12,48865.59404488535
403,DE_Wind_Onshore,DE_Balance,2030,2,1.0,1.0,13,18,35588.61553894393
404,DE_Wind_Onshore,DE_Balance,2030,2,1.0,1.0,19,24,62277.81360627835
405,DE_Wind_Offshore,DE_Balance,2030,2,1.0,1.0,1,6,0.0
406,DE_Wind_Offshore,DE_Balance,2030,2,1.0,1.0,7,12,0.0
407,DE_Wind_Offshore,DE_Balance,2030,2,1.0,1.0,13,18,0.0
408,DE_Wind_Offshore,DE_Balance,2030,2,1.0,1.0,19,24,0.0
409,DE_Coal,DE_Balance,2030,2,1.0,1.0,1,6,0.0
410,DE_Coal,DE_Balance,2030,2,1.0,1.0,7,12,0.0
411,DE_Coal,DE_Balance,2030,2,1.0,1.0,13,18,0.0
412,DE_Coal,DE_Balance,2030,2,1.0,1.0,19,24,0.0
413,DE_Nuclear,DE_Balance,2030,2,1.0,1.0,1,6,0.0
414,DE_Nuclear,DE_Balance,2030,2,1.0,1.0,7,12,0.0
415,DE_Nuclear,DE_Balance,2030,2,1.0,1.0,13,18,0.0
416,DE_Nuclear,DE_Balance,2030,2,1.0,1.0,19,24,0.0
417,DE_CCGT,DE_Balance,2030,2,1.0,1.0,1,6,0.0
418,DE_CCGT,DE_Balance,2030,2,1.0,1.0,7,12,0.0
419,DE_CCGT,DE_Balance,2030,2,1.0,1.0,13,18,0.0
420,DE_CCGT,DE_Balance,2030,2,1.0,1.0,19,24,0.0
421,DE_OCGT,DE_Balance,2030,2,1.0,1.0,1,6,0.0
422,DE_OCGT,DE_Balance,2030,2,1.0,1.0,7,12,0.0
423,DE_OCGT,DE_Balance,2030,2,1.0,1.0,13,18,0.0
424,DE_OCGT,DE_Balance,2030,2,1.0,1.0,19,24,0.0
425,DE_Battery,DE_Balance,2030,2,1.0,1.0,1,6,0.0
426,DE_Battery,DE_Balance,2030,2,1.0,1.0,7,12,0.0
427,DE_Battery,DE_Balance,2030,2,1.0,1.0,13,18,0.0
428,DE_Battery,DE_Balance,2030,2,1.0,1.0,19,24,0.0
429,FR_Solar,FR_Balance,2030,2,1.0,1.0,1,6,0.0
430,FR_Solar,FR_Balance,2030,2,1.0,1.0,7,12,6573.0756439647275
431,FR_Solar,FR_Balance,2030,2,1.0,1.0,13,18,14235.431042013815
432,FR_Solar,FR_Balance,2030,2,1.0,1.0,19,24,341.86122047781726
433,FR_Wind_Onshore,FR_Balance,2030,2,1.0,1.0,1,6,54454.33063803924
434,FR_Wind_Onshore,FR_Balance,2030,2,1.0,1.0,7,12,52835.09800822643
435,FR_Wind_Onshore,FR_Balance,2030,2,1.0,1.0,13,18,38940.72644507324
436,FR_Wind_Onshore,FR_Balance,2030,2,1.0,1.0,19,24,60717.89342449283
437,FR_Wind_Offshore,FR_Balance,2030,2,1.0,1.0,1,6,0.0
438,FR_Wind_Offshore,FR_Balance,2030,2,1.0,1.0,7,12,0.0
439,FR_Wind_Offshore,FR_Balance,2030,2,1.0,1.0,13,18,0.0
440,FR_Wind_Offshore,FR_Balance,2030,2,1.0,1.0,19,24,0.0
441,FR_Coal,FR_Balance,2030,2,1.0,1.0,1,6,0.0
442,FR_Coal,FR_Balance,2030,2,1.0,1.0,7,12,0.0
443,FR_Coal,FR_Balance,2030,2,1.0,1.0,13,18,0.0
444,FR_Coal,FR_Balance,2030,2,1.0,1.0,19,24,0.0
445,FR_Nuclear,FR_Balance,2030,2,1.0,1.0,1,6,0.0
446,FR_Nuclear,FR_Balance,2030,2,1.0,1.0,7,12,0.0
447,FR_Nuclear,FR_Balance,2030,2,1.0,1.0,13,18,0.0
448,FR_Nuclear,FR_Balance,2030,2,1.0,1.0,19,24,0.0
449,FR_CCGT,FR_Balance,2030,2,1.0,1.0,1,6,0.0
450,FR_CCGT,FR_Balance,2030,2,1.0,1.0,7,12,0.0
451,FR_CCGT,FR_Balance,2030,2,1.0,1.0,13,18,0.0
452,FR_CCGT,FR_Balance,2030,2,1.0,1.0,19,24,0.0
453,FR_OCGT,FR_Balance,2030,2,1.0,1.0,1,6,0.0
454,FR_OCGT,FR_Balance,2030,2,1.0,1.0,7,12,0.0
455,FR_OCGT,FR_Balance,2030,2,1.0,1.0,13,18,0.0
456,FR_OCGT,FR_Balance,2030,2,1.0,1.0,19,24,0.0
457,FR_Battery,FR_Balance,2030,2,1.0,1.0,1,6,0.0
458,FR_Battery,FR_Balance,2030,2,1.0,1.0,7,12,0.0
459,FR_Battery,FR_Balance,2030,2,1.0,1.0,13,18,0.0
460,FR_Battery,FR_Balance,2030,2,1.0,1.0,19,24,0.0
461,FR_Balance,FR_Battery,2030,2,1.0,1.0,1,6,0.0
462,FR_Balance,FR_Battery,2030,2,1.0,1.0,7,12,0.0
463,FR_Balance,FR_Battery,2030,2,1.0,1.0,13,18,0.0
464,FR_Balance,FR_Battery,2030,2,1.0,1.0,19,24,0.0
465,LU_Balance,LU_E_Demand,2030,2,1.0,1.0,1,6,781.1254208575756
466,LU_Balance,LU_E_Demand,2030,2,1.0,1.0,7,12,879.9615748235153
467,LU_Balance,LU_E_Demand,2030,2,1.0,1.0,13,18,866.9529009826668
468,LU_Balance,LU_E_Demand,2030,2,1.0,1.0,19,24,847.2609284909091
469,LU_Solar,LU_Balance,2030,2,1.0,1.0,1,6,0.0
470,LU_Solar,LU_Balance,2030,2,1.0,1.0,7,12,0.0
471,LU_Solar,LU_Balance,2030,2,1.0,1.0,13,18,0.0
472,LU_Solar,LU_Balance,2030,2,1.0,1.0,19,24,0.0
473,LU_Wind_Onshore,LU_Balance,2030,2,1.0,1.0,1,6,0.0
474,LU_Wind_Onshore,LU_Balance,2030,2,1.0,1.0,7,12,0.0
475,LU_Wind_Onshore,LU_Balance,2030,2,1.0,1.0,13,18,0.0
476,LU_Wind_Onshore,LU_Balance,2030,2,1.0,1.0,19,24,0.0
477,LU_Wind_Offshore,LU_Balance,2030,2,1.0,1.0,1,6,0.0
478,LU_Wind_Offshore,LU_Balance,2030,2,1.0,1.0,7,12,0.0
479,LU_Wind_Offshore,LU_Balance,2030,2,1.0,1.0,13,18,0.0
480,LU_Wind_Offshore,LU_Balance,2030,2,1.0,1.0,19,24,0.0
481,LU_Coal,LU_Balance,2030,2,1.0,1.0,1,6,0.0
482,LU_Coal,LU_Balance,2030,2,1.0,1.0,7,12,0.0
483,LU_Coal,LU_Balance,2030,2,1.0,1.0,13,18,0.0
484,LU_Coal,LU_Balance,2030,2,1.0,1.0,19,24,0.0
485,LU_CCGT,LU_Balance,2030,2,1.0,1.0,1,6,0.0
486,LU_CCGT,LU_Balance,2030,2,1.0,1.0,7,12,0.0
487,LU_CCGT,LU_Balance,2030,2,1.0,1.0,13,18,0.0
488,LU_CCGT,LU_Balance,2030,2,1.0,1.0,19,24,0.0
489,LU_OCGT,LU_Balance,2030,2,1.0,1.0,1,6,0.0
490,LU_OCGT,LU_Balance,2030,2,1.0,1.0,7,12,0.0
491,LU_OCGT,LU_Balance,2030,2,1.0,1.0,13,18,0.0
492,LU_OCGT,LU_Balance,2030,2,1.0,1.0,19,24,0.0
493,LU_Balance,LU_Battery,2030,2,1.0,1.0,1,6,0.0
494,LU_Balance,LU_Battery,2030,2,1.0,1.0,7,12,0.0
495,LU_Balance,LU_Battery,2030,2,1.0,1.0,13,18,0.0
496,LU_Balance,LU_Battery,2030,2,1.0,1.0,19,24,0.0
497,CH_Solar,CH_Balance,2030,2,1.0,1.0,1,6,0.0
498,CH_Solar,CH_Balance,2030,2,1.0,1.0,7,12,1960.6777442057269
499,CH_Solar,CH_Balance,2030,2,1.0,1.0,13,18,3727.3391570286362
500,CH_Solar,CH_Balance,2030,2,1.0,1.0,19,24,42.18411298072716
501,CH_Wind_Onshore,CH_Balance,2030,2,1.0,1.0,1,6,5051.87260003231
502,CH_Wind_Onshore,CH_Balance,2030,2,1.0,1.0,7,12,3717.931047485227
503,CH_Wind_Onshore,CH_Balance,2030,2,1.0,1.0,13,18,1601.0126959432869
504,CH_Wind_Onshore,CH_Balance,2030,2,1.0,1.0,19,24,8429.996347278522
505,CH_Coal,CH_Balance,2030,2,1.0,1.0,1,6,0.0
506,CH_Coal,CH_Balance,2030,2,1.0,1.0,7,12,0.0
507,CH_Coal,CH_Balance,2030,2,1.0,1.0,13,18,0.0
508,CH_Coal,CH_Balance,2030,2,1.0,1.0,19,24,0.0
509,CH_Nuclear,CH_Balance,2030,2,1.0,1.0,1,6,0.0
510,CH_Nuclear,CH_Balance,2030,2,1.0,1.0,7,12,0.0
511,CH_Nuclear,CH_Balance,2030,2,1.0,1.0,13,18,0.0
512,CH_Nuclear,CH_Balance,2030,2,1.0,1.0,19,24,0.0
513,CH_Battery,CH_Balance,2030,2,1.0,1.0,1,6,0.0
514,CH_Battery,CH_Balance,2030,2,1.0,1.0,7,12,0.0
515,CH_Battery,CH_Balance,2030,2,1.0,1.0,13,18,0.0
516,CH_Battery,CH_Balance,2030,2,1.0,1.0,19,24,481.8055009950531
517,UK_Solar,UK_Balance,2030,2,1.0,1.0,1,6,0.0
518,UK_Solar,UK_Balance,2030,2,1.0,1.0,7,12,2.3571565669090906
519,UK_Solar,UK_Balance,2030,2,1.0,1.0,13,18,6.280192702999999
520,UK_Solar,UK_Balance,2030,2,1.0,1.0,19,24,0.23555731645454497
521,UK_Wind_Onshore,UK_Balance,2030,2,1.0,1.0,1,6,28207.61151303547
522,UK_Wind_Onshore,UK_Balance,2030,2,1.0,1.0,7,12,37676.3101884301
523,UK_Wind_Onshore,UK_Balance,2030,2,1.0,1.0,13,18,34603.153802411936
524,UK_Wind_Onshore,UK_Balance,2030,2,1.0,1.0,19,24,40119.86478688162
525,UK_Wind_Offshore,UK_Balance,2030,2,1.0,1.0,1,6,0.0
526,UK_Wind_Offshore,UK_Balance,2030,2,1.0,1.0,7,12,0.0
527,UK_Wind_Offshore,UK_Balance,2030,2,1.0,1.0,13,18,0.0
528,UK_Wind_Offshore,UK_Balance,2030,2,1.0,1.0,19,24,0.0
529,UK_Coal,UK_Balance,2030,2,1.0,1.0,1,6,0.0
530,UK_Coal,UK_Balance,2030,2,1.0,1.0,7,12,0.0
531,UK_Coal,UK_Balance,2030,2,1.0,1.0,13,18,4120.0
532,UK_Coal,UK_Balance,2030,2,1.0,1.0,19,24,0.0
533,UK_Nuclear,UK_Balance,2030,2,1.0,1.0,1,6,0.0
534,UK_Nuclear,UK_Balance,2030,2,1.0,1.0,7,12,9.536743164062504e-07
535,UK_Nuclear,UK_Balance,2030,2,1.0,1.0,13,18,9.536743164062504e-07
536,UK_Nuclear,UK_Balance,2030,2,1.0,1.0,19,24,0.0
537,UK_Balance,UK_Battery,2030,2,1.0,1.0,1,6,0.0
538,UK_Balance,UK_Battery,2030,2,1.0,1.0,7,12,0.0
539,UK_Balance,UK_Battery,2030,2,1.0,1.0,13,18,0.0
540,UK_Balance,UK_Battery,2030,2,1.0,1.0,19,24,0.0
541,NL_Balance,UK_Balance,2030,2,1.0,1.0,1,6,-1000.0
542,NL_Balance,UK_Balance,2030,2,1.0,1.0,7,12,-201.08438861913336
543,NL_Balance,UK_Balance,2030,2,1.0,1.0,13,18,466.880489266244
544,NL_Balance,UK_Balance,2030,2,1.0,1.0,19,24,-1000.0
545,BE_Balance,DE_Balance,2030,2,1.0,1.0,1,6,-1000.0
546,BE_Balance,DE_Balance,2030,2,1.0,1.0,7,12,-1000.0
547,BE_Balance,DE_Balance,2030,2,1.0,1.0,13,18,-1000.0
548,BE_Balance,DE_Balance,2030,2,1.0,1.0,19,24,-1000.0
549,BE_Balance,UK_Balance,2030,2,1.0,1.0,1,6,-1000.0
550,BE_Balance,UK_Balance,2030,2,1.0,1.0,7,12,1000.0
551,BE_Balance,UK_Balance,2030,2,1.0,1.0,13,18,1000.0
552,BE_Balance,UK_Balance,2030,2,1.0,1.0,19,24,75.20336335676438
553,BE_Balance,FR_Balance,2030,2,1.0,1.0,1,6,-1000.0
554,BE_Balance,FR_Balance,2030,2,1.0,1.0,7,12,-1000.0
555,BE_Balance,FR_Balance,2030,2,1.0,1.0,13,18,-1000.0
556,BE_Balance,FR_Balance,2030,2,1.0,1.0,19,24,-1000.0
557,BE_Balance,LU_Balance,2030,2,1.0,1.0,1,6,-1000.0
558,BE_Balance,LU_Balance,2030,2,1.0,1.0,7,12,-1000.0
559,BE_Balance,LU_Balance,2030,2,1.0,1.0,13,18,866.9529009826668
560,BE_Balance,LU_Balance,2030,2,1.0,1.0,19,24,-1000.0
561,DE_Balance,CH_Balance,2030,2,1.0,1.0,1,6,1000.0
562,DE_Balance,CH_Balance,2030,2,1.0,1.0,7,12,1000.0
563,DE_Balance,CH_Balance,2030,2,1.0,1.0,13,18,1000.0
564,DE_Balance,CH_Balance,2030,2,1.0,1.0,19,24,-1000.0
565,DE_Balance,LU_Balance,2030,2,1.0,1.0,1,6,1000.0
566,DE_Balance,LU_Balance,2030,2,1.0,1.0,7,12,1000.0
567,DE_Balance,LU_Balance,2030,2,1.0,1.0,13,18,1000.0
568,DE_Balance,LU_Balance,2030,2,1.0,1.0,19,24,1000.0
569,FR_Balance,CH_Balance,2030,2,1.0,1.0,1,6,1000.0
570,FR_Balance,CH_Balance,2030,2,1.0,1.0,7,12,1000.0
571,FR_Balance,CH_Balance,2030,2,1.0,1.0,13,18,1000.0
572,FR_Balance,CH_Balance,2030,2,1.0,1.0,19,24,-1000.0
573,FR_Balance,LU_Balance,2030,2,1.0,1.0,1,6,781.1254208575756
574,FR_Balance,LU_Balance,2030,2,1.0,1.0,7,12,879.9615748235153
575,FR_Balance,LU_Balance,2030,2,1.0,1.0,13,18,-1000.0
576,FR_Balance,LU_Balance,2030,2,1.0,1.0,19,24,847.260928490909
577,NL_Nuclear,NL_Balance,2030,2,1.0,1.0,1,6,9.536743164062504e-07
578,NL_Nuclear,NL_Balance,2030,2,1.0,1.0,7,12,9.536743164062504e-07
579,NL_Nuclear,NL_Balance,2030,2,1.0,1.0,13,18,9.536743164062504e-07
580,NL_Nuclear,NL_Balance,2030,2,1.0,1.0,19,24,9.536743164062504e-07
581,NL_Balance,NL_Battery,2030,2,1.0,1.0,1,6,0.0
582,NL_Balance,NL_Battery,2030,2,1.0,1.0,7,12,0.0
583,NL_Balance,NL_Battery,2030,2,1.0,1.0,13,18,0.0
584,NL_Balance,NL_Battery,2030,2,1.0,1.0,19,24,0.0
585,CH_Balance,CH_E_Demand,2030,2,1.0,1.0,1,6,6570.067099037257
586,CH_Balance,CH_E_Demand,2030,2,1.0,1.0,7,12,7678.608791690954
587,CH_Balance,CH_E_Demand,2030,2,1.0,1.0,13,18,7328.351852971923
588,CH_Balance,CH_E_Demand,2030,2,1.0,1.0,19,24,6953.985961254302
589,CH_CCGT,CH_Balance,2030,2,1.0,1.0,1,6,0.0
590,CH_CCGT,CH_Balance,2030,2,1.0,1.0,7,12,0.0
591,CH_CCGT,CH_Balance,2030,2,1.0,1.0,13,18,0.0
592,CH_CCGT,CH_Balance,2030,2,1.0,1.0,19,24,0.0
593,CH_Balance,CH_Battery,2030,2,1.0,1.0,1,6,481.8055009950531
594,CH_Balance,CH_Battery,2030,2,1.0,1.0,7,12,0.0
595,CH_Balance,CH_Battery,2030,2,1.0,1.0,13,18,0.0
596,CH_Balance,CH_Battery,2030,2,1.0,1.0,19,24,0.0
597,UK_Battery,UK_Balance,2030,2,1.0,1.0,1,6,0.0
598,UK_Battery,UK_Balance,2030,2,1.0,1.0,7,12,0.0
599,UK_Battery,UK_Balance,2030,2,1.0,1.0,13,18,0.0
600,UK_Battery,UK_Balance,2030,2,1.0,1.0,19,24,0.0
601,NL_Balance,DE_Balance,2030,2,1.0,1.0,1,6,-1000.0
602,NL_Balance,DE_Balance,2030,2,1.0,1.0,7,12,-1000.0
603,NL_Balance,DE_Balance,2030,2,1.0,1.0,13,18,-1000.0
604,NL_Balance,DE_Balance,2030,2,1.0,1.0,19,24,-1000.0
605,NL_Balance,BE_Balance,2030,2,1.0,1.0,1,6,-1000.0
606,NL_Balance,BE_Balance,2030,2,1.0,1.0,7,12,-1000.0
607,NL_Balance,BE_Balance,2030,2,1.0,1.0,13,18,-1000.0
608,NL_Balance,BE_Balance,2030,2,1.0,1.0,19,24,-1000.0
609,FR_Balance,FR_E_Demand,2030,2,1.0,1.0,1,6,49673.20521718166
610,FR_Balance,FR_E_Demand,2030,2,1.0,1.0,7,12,56528.21207736764
611,FR_Balance,FR_E_Demand,2030,2,1.0,1.0,13,18,52176.15748708705
612,FR_Balance,FR_E_Demand,2030,2,1.0,1.0,19,24,60212.49371647974
613,LU_Nuclear,LU_Balance,2030,2,1.0,1.0,1,6,0.0
614,LU_Nuclear,LU_Balance,2030,2,1.0,1.0,7,12,0.0
615,LU_Nuclear,LU_Balance,2030,2,1.0,1.0,13,18,0.0
616,LU_Nuclear,LU_Balance,2030,2,1.0,1.0,19,24,0.0
617,UK_CCGT,UK_Balance,2030,2,1.0,1.0,1,6,0.0
618,UK_CCGT,UK_Balance,2030,2,1.0,1.0,7,12,0.0
619,UK_CCGT,UK_Balance,2030,2,1.0,1.0,13,18,981.1716269552437
620,UK_CCGT,UK_Balance,2030,2,1.0,1.0,19,24,0.0
621,UK_OCGT,UK_Balance,2030,2,1.0,1.0,1,6,0.0
622,UK_OCGT,UK_Balance,2030,2,1.0,1.0,7,12,0.0
623,UK_OCGT,UK_Balance,2030,2,1.0,1.0,13,18,0.0
624,UK_OCGT,UK_Balance,2030,2,1.0,1.0,19,24,0.0
625,DE_Balance,FR_Balance,2030,2,1.0,1.0,1,6,-1000.0
626,DE_Balance,FR_Balance,2030,2,1.0,1.0,7,12,1000.0
627,DE_Balance,FR_Balance,2030,2,1.0,1.0,13,18,1000.0
628,DE_Balance,FR_Balance,2030,2,1.0,1.0,19,24,1000.0
629,UK_Balance,UK_E_Demand,2030,2,1.0,1.0,1,6,27207.61151303547
630,UK_Balance,UK_E_Demand,2030,2,1.0,1.0,7,12,39477.58295733155
631,UK_Balance,UK_E_Demand,2030,2,1.0,1.0,13,18,42177.4861122901
632,UK_Balance,UK_E_Demand,2030,2,1.0,1.0,19,24,40195.303707554835
633,DE_Balance,DE_Battery,2030,2,1.0,1.0,1,6,0.0
634,DE_Balance,DE_Battery,2030,2,1.0,1.0,7,12,0.0
635,DE_Balance,DE_Battery,2030,2,1.0,1.0,13,18,0.0
636,DE_Balance,DE_Battery,2030,2,1.0,1.0,19,24,0.0
637,LU_Battery,LU_Balance,2030,2,1.0,1.0,1,6,0.0
638,LU_Battery,LU_Balance,2030,2,1.0,1.0,7,12,0.0
639,LU_Battery,LU_Balance,2030,2,1.0,1.0,13,18,0.0
640,LU_Battery,LU_Balance,2030,2,1.0,1.0,19,24,0.0
641,CH_Wind_Offshore,CH_Balance,2030,2,1.0,1.0,1,6,0.0
642,CH_Wind_Offshore,CH_Balance,2030,2,1.0,1.0,7,12,0.0
643,CH_Wind_Offshore,CH_Balance,2030,2,1.0,1.0,13,18,0.0
644,CH_Wind_Offshore,CH_Balance,2030,2,1.0,1.0,19,24,0.0
645,FR_Balance,UK_Balance,2030,2,1.0,1.0,1,6,1000.0
646,FR_Balance,UK_Balance,2030,2,1.0,1.0,7,12,1000.0
647,FR_Balance,UK_Balance,2030,2,1.0,1.0,13,18,1000.0
648,FR_Balance,UK_Balance,2030,2,1.0,1.0,19,24,1000.0
649,CH_OCGT,CH_Balance,2030,2,1.0,1.0,1,6,0.0
650,CH_OCGT,CH_Balance,2030,2,1.0,1.0,7,12,0.0
651,CH_OCGT,CH_Balance,2030,2,1.0,1.0,13,18,0.0
652,CH_OCGT,CH_Balance,2030,2,1.0,1.0,19,24,0.0
653,NL_Coal,NL_Balance,2030,2,1.0,1.0,1,6,0.0
654,NL_Coal,NL_Balance,2030,2,1.0,1.0,7,12,2127.1973021059666
655,NL_Coal,NL_Balance,2030,2,1.0,1.0,13,18,3296.0
656,NL_Coal,NL_Balance,2030,2,1.0,1.0,19,24,877.183469373898
657,BE_Balance,BE_E_Demand,2030,2,1.0,1.0,1,6,8814.559808474822
658,BE_Balance,BE_E_Demand,2030,2,1.0,1.0,7,12,11110.52833337629
659,BE_Balance,BE_E_Demand,2030,2,1.0,1.0,13,18,11033.639736548332
660,BE_Balance,BE_E_Demand,2030,2,1.0,1.0,19,24,10681.484106022204
661,BE_Solar,BE_Balance,2030,2,1.0,1.0,1,6,0.0
662,BE_Solar,BE_Balance,2030,2,1.0,1.0,7,12,2555.7707149445455
663,BE_Solar,BE_Balance,2030,2,1.0,1.0,13,18,5011.591664214545
664,BE_Solar,BE_Balance,2030,2,1.0,1.0,19,24,92.98529401636347
665,NL_Balance,NL_E_Demand,2030,3,1.0,1.0,1,6,14185.417695326172
666,NL_Balance,NL_E_Demand,2030,3,1.0,1.0,7,12,16831.984548105967
667,NL_Balance,NL_E_Demand,2030,3,1.0,1.0,13,18,17960.141697658823
668,NL_Balance,NL_E_Demand,2030,3,1.0,1.0,19,24,16018.219723547938
669,NL_Solar,NL_Balance,2030,3,1.0,1.0,1,6,0.0
670,NL_Solar,NL_Balance,2030,3,1.0,1.0,7,12,479.7333242893444
671,NL_Solar,NL_Balance,2030,3,1.0,1.0,13,18,1219.5563823715859
672,NL_Solar,NL_Balance,2030,3,1.0,1.0,19,24,0.0
673,NL_Wind_Offshore,NL_Balance,2030,3,1.0,1.0,1,6,0.0
674,NL_Wind_Offshore,NL_Balance,2030,3,1.0,1.0,7,12,0.0
675,NL_Wind_Offshore,NL_Balance,2030,3,1.0,1.0,13,18,0.0
676,NL_Wind_Offshore,NL_Balance,2030,3,1.0,1.0,19,24,0.0
677,NL_Nuclear,NL_Balance,2030,3,1.0,1.0,1,6,0.0
678,NL_Nuclear,NL_Balance,2030,3,1.0,1.0,7,12,0.0
679,NL_Nuclear,NL_Balance,2030,3,1.0,1.0,13,18,0.0
680,NL_Nuclear,NL_Balance,2030,3,1.0,1.0,19,24,0.0
681,NL_CCGT,NL_Balance,2030,3,1.0,1.0,1,6,0.0
682,NL_CCGT,NL_Balance,2030,3,1.0,1.0,7,12,0.0
683,NL_CCGT,NL_Balance,2030,3,1.0,1.0,13,18,0.0
684,NL_CCGT,NL_Balance,2030,3,1.0,1.0,19,24,0.0
685,NL_OCGT,NL_Balance,2030,3,1.0,1.0,1,6,0.0
686,NL_OCGT,NL_Balance,2030,3,1.0,1.0,7,12,0.0
687,NL_OCGT,NL_Balance,2030,3,1.0,1.0,13,18,0.0
688,NL_OCGT,NL_Balance,2030,3,1.0,1.0,19,24,0.0
689,NL_Battery,NL_Balance,2030,3,1.0,1.0,1,6,0.0
690,NL_Battery,NL_Balance,2030,3,1.0,1.0,7,12,0.0
691,NL_Battery,NL_Balance,2030,3,1.0,1.0,13,18,0.0
692,NL_Battery,NL_Balance,2030,3,1.0,1.0,19,24,0.0
693,BE_Wind_Onshore,BE_Balance,2030,3,1.0,1.0,1,6,9560.862163724703
694,BE_Wind_Onshore,BE_Balance,2030,3,1.0,1.0,7,12,10008.146881167457
695,BE_Wind_Onshore,BE_Balance,2030,3,1.0,1.0,13,18,4912.548996961149
696,BE_Wind_Onshore,BE_Balance,2030,3,1.0,1.0,19,24,11405.3751725459
697,BE_Wind_Offshore,BE_Balance,2030,3,1.0,1.0,1,6,0.0
698,BE_Wind_Offshore,BE_Balance,2030,3,1.0,1.0,7,12,0.0
699,BE_Wind_Offshore,BE_Balance,2030,3,1.0,1.0,13,18,0.0
700,BE_Wind_Offshore,BE_Balance,2030,3,1.0,1.0,19,24,0.0
701,BE_Coal,BE_Balance,2030,3,1.0,1.0,1,6,0.0
702,BE_Coal,BE_Balance,2030,3,1.0,1.0,7,12,0.0
703,BE_Coal,BE_Balance,2030,3,1.0,1.0,13,18,0.0
704,BE_Coal,BE_Balance,2030,3,1.0,1.0,19,24,0.0
705,BE_CCGT,BE_Balance,2030,3,1.0,1.0,1,6,0.0
706,BE_CCGT,BE_Balance,2030,3,1.0,1.0,7,12,0.0
707,BE_CCGT,BE_Balance,2030,3,1.0,1.0,13,18,0.0
708,BE_CCGT,BE_Balance,2030,3,1.0,1.0,19,24,0.0
709,BE_Battery,BE_Balance,2030,3,1.0,1.0,1,6,0.0
710,BE_Battery,BE_Balance,2030,3,1.0,1.0,7,12,0.0
711,BE_Battery,BE_Balance,2030,3,1.0,1.0,13,18,0.0
712,BE_Battery,BE_Balance,2030,3,1.0,1.0,19,24,0.0
713,BE_Balance,BE_Battery,2030,3,1.0,1.0,1,6,0.0
714,BE_Balance,BE_Battery,2030,3,1.0,1.0,7,12,0.0
715,BE_Balance,BE_Battery,2030,3,1.0,1.0,13,18,0.0
716,BE_Balance,BE_Battery,2030,3,1.0,1.0,19,24,0.0
717,DE_Balance,DE_E_Demand,2030,3,1.0,1.0,1,6,61238.99976961081
718,DE_Balance,DE_E_Demand,2030,3,1.0,1.0,7,12,72393.15236541397
719,DE_Balance,DE_E_Demand,2030,3,1.0,1.0,13,18,74685.08542726419
720,DE_Balance,DE_E_Demand,2030,3,1.0,1.0,19,24,67606.60116681302
721,DE_Solar,DE_Balance,2030,3,1.0,1.0,1,6,0.0
722,DE_Solar,DE_Balance,2030,3,1.0,1.0,7,12,6999.440039162065
723,DE_Solar,DE_Balance,2030,3,1.0,1.0,13,18,14054.719948681033
724,DE_Solar,DE_Balance,2030,3,1.0,1.0,19,24,0.0
725,DE_Wind_Onshore,DE_Balance,2030,3,1.0,1.0,1,6,64238.99976961081
726,DE_Wind_Onshore,DE_Balance,2030,3,1.0,1.0,7,12,70393.7123262519
727,DE_Wind_Onshore,DE_Balance,2030,3,1.0,1.0,13,18,65630.36547858315
728,DE_Wind_Onshore,DE_Balance,2030,3,1.0,1.0,19,24,72606.60116681302
729,DE_Wind_Offshore,DE_Balance,2030,3,1.0,1.0,1,6,0.0
730,DE_Wind_Offshore,DE_Balance,2030,3,1.0,1.0,7,12,0.0
731,DE_Wind_Offshore,DE_Balance,2030,3,1.0,1.0,13,18,0.0
732,DE_Wind_Offshore,DE_Balance,2030,3,1.0,1.0,19,24,0.0
733,DE_Coal,DE_Balance,2030,3,1.0,1.0,1,6,0.0
734,DE_Coal,DE_Balance,2030,3,1.0,1.0,7,12,0.0
735,DE_Coal,DE_Balance,2030,3,1.0,1.0,13,18,0.0
736,DE_Coal,DE_Balance,2030,3,1.0,1.0,19,24,0.0
737,DE_Nuclear,DE_Balance,2030,3,1.0,1.0,1,6,0.0
738,DE_Nuclear,DE_Balance,2030,3,1.0,1.0,7,12,0.0
739,DE_Nuclear,DE_Balance,2030,3,1.0,1.0,13,18,0.0
740,DE_Nuclear,DE_Balance,2030,3,1.0,1.0,19,24,0.0
741,DE_OCGT,DE_Balance,2030,3,1.0,1.0,1,6,0.0
742,DE_OCGT,DE_Balance,2030,3,1.0,1.0,7,12,0.0
743,DE_OCGT,DE_Balance,2030,3,1.0,1.0,13,18,0.0
744,DE_OCGT,DE_Balance,2030,3,1.0,1.0,19,24,0.0
745,DE_Battery,DE_Balance,2030,3,1.0,1.0,1,6,0.0
746,DE_Battery,DE_Balance,2030,3,1.0,1.0,7,12,0.0
747,DE_Battery,DE_Balance,2030,3,1.0,1.0,13,18,0.0
748,DE_Battery,DE_Balance,2030,3,1.0,1.0,19,24,0.0
749,DE_Balance,DE_Battery,2030,3,1.0,1.0,1,6,0.0
750,DE_Balance,DE_Battery,2030,3,1.0,1.0,7,12,0.0
751,DE_Balance,DE_Battery,2030,3,1.0,1.0,13,18,0.0
752,DE_Balance,DE_Battery,2030,3,1.0,1.0,19,24,0.0
753,FR_Balance,FR_E_Demand,2030,3,1.0,1.0,1,6,55868.25301920603
754,FR_Balance,FR_E_Demand,2030,3,1.0,1.0,7,12,63061.908867937585
755,FR_Balance,FR_E_Demand,2030,3,1.0,1.0,13,18,60540.967059659386
756,FR_Balance,FR_E_Demand,2030,3,1.0,1.0,19,24,68275.88564333915
757,FR_Wind_Onshore,FR_Balance,2030,3,1.0,1.0,1,6,55777.45187963141
758,FR_Wind_Onshore,FR_Balance,2030,3,1.0,1.0,7,12,59139.382095665445
759,FR_Wind_Onshore,FR_Balance,2030,3,1.0,1.0,13,18,53476.62029813056
760,FR_Wind_Onshore,FR_Balance,2030,3,1.0,1.0,19,24,66381.85722093424
761,FR_Wind_Offshore,FR_Balance,2030,3,1.0,1.0,1,6,0.0
762,FR_Wind_Offshore,FR_Balance,2030,3,1.0,1.0,7,12,0.0
763,FR_Wind_Offshore,FR_Balance,2030,3,1.0,1.0,13,18,0.0
764,FR_Wind_Offshore,FR_Balance,2030,3,1.0,1.0,19,24,0.0
765,FR_Nuclear,FR_Balance,2030,3,1.0,1.0,1,6,0.0
766,FR_Nuclear,FR_Balance,2030,3,1.0,1.0,7,12,0.0
767,FR_Nuclear,FR_Balance,2030,3,1.0,1.0,13,18,0.0
768,FR_Nuclear,FR_Balance,2030,3,1.0,1.0,19,24,0.0
769,FR_CCGT,FR_Balance,2030,3,1.0,1.0,1,6,0.0
770,FR_CCGT,FR_Balance,2030,3,1.0,1.0,7,12,0.0
771,FR_CCGT,FR_Balance,2030,3,1.0,1.0,13,18,0.0
772,FR_CCGT,FR_Balance,2030,3,1.0,1.0,19,24,0.0
773,FR_OCGT,FR_Balance,2030,3,1.0,1.0,1,6,0.0
774,FR_OCGT,FR_Balance,2030,3,1.0,1.0,7,12,0.0
775,FR_OCGT,FR_Balance,2030,3,1.0,1.0,13,18,0.0
776,FR_OCGT,FR_Balance,2030,3,1.0,1.0,19,24,0.0
777,FR_Battery,FR_Balance,2030,3,1.0,1.0,1,6,0.0
778,FR_Battery,FR_Balance,2030,3,1.0,1.0,7,12,0.0
779,FR_Battery,FR_Balance,2030,3,1.0,1.0,13,18,0.0
780,FR_Battery,FR_Balance,2030,3,1.0,1.0,19,24,0.0
781,FR_Balance,FR_Battery,2030,3,1.0,1.0,1,6,0.0
782,FR_Balance,FR_Battery,2030,3,1.0,1.0,7,12,0.0
783,FR_Balance,FR_Battery,2030,3,1.0,1.0,13,18,0.0
784,FR_Balance,FR_Battery,2030,3,1.0,1.0,19,24,0.0
785,LU_Balance,LU_E_Demand,2030,3,1.0,1.0,1,6,909.1988604253794
786,LU_Balance,LU_E_Demand,2030,3,1.0,1.0,7,12,1009.6526001946208
787,LU_Balance,LU_E_Demand,2030,3,1.0,1.0,13,18,1029.3765965348966
788,LU_Balance,LU_E_Demand,2030,3,1.0,1.0,19,24,1007.289568299862
789,LU_Wind_Onshore,LU_Balance,2030,3,1.0,1.0,1,6,0.0
790,LU_Wind_Onshore,LU_Balance,2030,3,1.0,1.0,7,12,0.0
791,LU_Wind_Onshore,LU_Balance,2030,3,1.0,1.0,13,18,0.0
792,LU_Wind_Onshore,LU_Balance,2030,3,1.0,1.0,19,24,0.0
793,LU_Wind_Offshore,LU_Balance,2030,3,1.0,1.0,1,6,0.0
794,LU_Wind_Offshore,LU_Balance,2030,3,1.0,1.0,7,12,0.0
795,LU_Wind_Offshore,LU_Balance,2030,3,1.0,1.0,13,18,0.0
796,LU_Wind_Offshore,LU_Balance,2030,3,1.0,1.0,19,24,0.0
797,LU_Coal,LU_Balance,2030,3,1.0,1.0,1,6,0.0
798,LU_Coal,LU_Balance,2030,3,1.0,1.0,7,12,0.0
799,LU_Coal,LU_Balance,2030,3,1.0,1.0,13,18,0.0
800,LU_Coal,LU_Balance,2030,3,1.0,1.0,19,24,0.0
801,LU_Nuclear,LU_Balance,2030,3,1.0,1.0,1,6,0.0
802,LU_Nuclear,LU_Balance,2030,3,1.0,1.0,7,12,0.0
803,LU_Nuclear,LU_Balance,2030,3,1.0,1.0,13,18,0.0
804,LU_Nuclear,LU_Balance,2030,3,1.0,1.0,19,24,0.0
805,LU_CCGT,LU_Balance,2030,3,1.0,1.0,1,6,0.0
806,LU_CCGT,LU_Balance,2030,3,1.0,1.0,7,12,0.0
807,LU_CCGT,LU_Balance,2030,3,1.0,1.0,13,18,0.0
808,LU_CCGT,LU_Balance,2030,3,1.0,1.0,19,24,0.0
809,LU_Battery,LU_Balance,2030,3,1.0,1.0,1,6,0.0
810,LU_Battery,LU_Balance,2030,3,1.0,1.0,7,12,0.0
811,LU_Battery,LU_Balance,2030,3,1.0,1.0,13,18,0.0
812,LU_Battery,LU_Balance,2030,3,1.0,1.0,19,24,0.0
813,CH_Balance,CH_E_Demand,2030,3,1.0,1.0,1,6,7449.652486833707
814,CH_Balance,CH_E_Demand,2030,3,1.0,1.0,7,12,8799.025687494897
815,CH_Balance,CH_E_Demand,2030,3,1.0,1.0,13,18,8750.211621285793
816,CH_Balance,CH_E_Demand,2030,3,1.0,1.0,19,24,8233.712483474052
817,CH_Solar,CH_Balance,2030,3,1.0,1.0,1,6,0.0
818,CH_Solar,CH_Balance,2030,3,1.0,1.0,7,12,1184.0936185390342
819,CH_Solar,CH_Balance,2030,3,1.0,1.0,13,18,2479.3199406213107
820,CH_Solar,CH_Balance,2030,3,1.0,1.0,19,24,0.0
821,CH_Wind_Onshore,CH_Balance,2030,3,1.0,1.0,1,6,3330.0542684896664
822,CH_Wind_Onshore,CH_Balance,2030,3,1.0,1.0,7,12,3810.6344766723323
823,CH_Wind_Onshore,CH_Balance,2030,3,1.0,1.0,13,18,2254.5009290579983
824,CH_Wind_Onshore,CH_Balance,2030,3,1.0,1.0,19,24,3609.9069824789985
825,CH_Wind_Offshore,CH_Balance,2030,3,1.0,1.0,1,6,0.0
826,CH_Wind_Offshore,CH_Balance,2030,3,1.0,1.0,7,12,0.0
827,CH_Wind_Offshore,CH_Balance,2030,3,1.0,1.0,13,18,0.0
828,CH_Wind_Offshore,CH_Balance,2030,3,1.0,1.0,19,24,0.0
829,CH_Coal,CH_Balance,2030,3,1.0,1.0,1,6,0.0
830,CH_Coal,CH_Balance,2030,3,1.0,1.0,7,12,0.0
831,CH_Coal,CH_Balance,2030,3,1.0,1.0,13,18,0.0
832,CH_Coal,CH_Balance,2030,3,1.0,1.0,19,24,0.0
833,CH_Nuclear,CH_Balance,2030,3,1.0,1.0,1,6,0.0
834,CH_Nuclear,CH_Balance,2030,3,1.0,1.0,7,12,0.0
835,CH_Nuclear,CH_Balance,2030,3,1.0,1.0,13,18,0.0
836,CH_Nuclear,CH_Balance,2030,3,1.0,1.0,19,24,0.0
837,CH_CCGT,CH_Balance,2030,3,1.0,1.0,1,6,2142.0
838,CH_CCGT,CH_Balance,2030,3,1.0,1.0,7,12,2138.092063229108
839,CH_CCGT,CH_Balance,2030,3,1.0,1.0,13,18,2142.0
840,CH_CCGT,CH_Balance,2030,3,1.0,1.0,19,24,2142.0
841,CH_OCGT,CH_Balance,2030,3,1.0,1.0,1,6,0.0
842,CH_OCGT,CH_Balance,2030,3,1.0,1.0,7,12,0.0
843,CH_OCGT,CH_Balance,2030,3,1.0,1.0,13,18,0.0
844,CH_OCGT,CH_Balance,2030,3,1.0,1.0,19,24,0.0
845,CH_Battery,CH_Balance,2030,3,1.0,1.0,1,6,0.0
846,CH_Battery,CH_Balance,2030,3,1.0,1.0,7,12,148.01103004947527
847,CH_Battery,CH_Balance,2030,3,1.0,1.0,13,18,0.0
848,CH_Battery,CH_Balance,2030,3,1.0,1.0,19,24,481.8055009950531
849,UK_Balance,UK_E_Demand,2030,3,1.0,1.0,1,6,29219.264062249655
850,UK_Balance,UK_E_Demand,2030,3,1.0,1.0,7,12,42252.74009486841
851,UK_Balance,UK_E_Demand,2030,3,1.0,1.0,13,18,47708.56094529177
852,UK_Balance,UK_E_Demand,2030,3,1.0,1.0,19,24,44626.35364531705
853,UK_Solar,UK_Balance,2030,3,1.0,1.0,1,6,0.0
854,UK_Solar,UK_Balance,2030,3,1.0,1.0,7,12,0.37284234620689644
855,UK_Solar,UK_Balance,2030,3,1.0,1.0,13,18,1.6213460893448273
856,UK_Solar,UK_Balance,2030,3,1.0,1.0,19,24,0.0
857,UK_Wind_Onshore,UK_Balance,2030,3,1.0,1.0,1,6,32219.264062249655
858,UK_Wind_Onshore,UK_Balance,2030,3,1.0,1.0,7,12,45252.3672525222
859,UK_Wind_Onshore,UK_Balance,2030,3,1.0,1.0,13,18,50706.93959920243
860,UK_Wind_Onshore,UK_Balance,2030,3,1.0,1.0,19,24,47626.35364531705
861,UK_Wind_Offshore,UK_Balance,2030,3,1.0,1.0,1,6,0.0
862,UK_Wind_Offshore,UK_Balance,2030,3,1.0,1.0,7,12,0.0
863,UK_Wind_Offshore,UK_Balance,2030,3,1.0,1.0,13,18,0.0
864,UK_Wind_Offshore,UK_Balance,2030,3,1.0,1.0,19,24,0.0
865,UK_Coal,UK_Balance,2030,3,1.0,1.0,1,6,0.0
866,UK_Coal,UK_Balance,2030,3,1.0,1.0,7,12,0.0
867,UK_Coal,UK_Balance,2030,3,1.0,1.0,13,18,0.0
868,UK_Coal,UK_Balance,2030,3,1.0,1.0,19,24,0.0
869,UK_Nuclear,UK_Balance,2030,3,1.0,1.0,1,6,0.0
870,UK_Nuclear,UK_Balance,2030,3,1.0,1.0,7,12,0.0
871,UK_Nuclear,UK_Balance,2030,3,1.0,1.0,13,18,0.0
872,UK_Nuclear,UK_Balance,2030,3,1.0,1.0,19,24,0.0
873,UK_CCGT,UK_Balance,2030,3,1.0,1.0,1,6,0.0
874,UK_CCGT,UK_Balance,2030,3,1.0,1.0,7,12,0.0
875,UK_CCGT,UK_Balance,2030,3,1.0,1.0,13,18,0.0
876,UK_CCGT,UK_Balance,2030,3,1.0,1.0,19,24,0.0
877,UK_OCGT,UK_Balance,2030,3,1.0,1.0,1,6,0.0
878,UK_OCGT,UK_Balance,2030,3,1.0,1.0,7,12,0.0
879,UK_OCGT,UK_Balance,2030,3,1.0,1.0,13,18,0.0
880,UK_OCGT,UK_Balance,2030,3,1.0,1.0,19,24,0.0
881,UK_Battery,UK_Balance,2030,3,1.0,1.0,1,6,0.0
882,UK_Battery,UK_Balance,2030,3,1.0,1.0,7,12,0.0
883,UK_Battery,UK_Balance,2030,3,1.0,1.0,13,18,0.0
884,UK_Battery,UK_Balance,2030,3,1.0,1.0,19,24,0.0
885,UK_Balance,UK_Battery,2030,3,1.0,1.0,1,6,0.0
886,UK_Balance,UK_Battery,2030,3,1.0,1.0,7,12,0.0
887,UK_Balance,UK_Battery,2030,3,1.0,1.0,13,18,0.0
888,UK_Balance,UK_Battery,2030,3,1.0,1.0,19,24,0.0
889,NL_Balance,DE_Balance,2030,3,1.0,1.0,1,6,-1000.0
890,NL_Balance,DE_Balance,2030,3,1.0,1.0,7,12,-1000.0
891,NL_Balance,DE_Balance,2030,3,1.0,1.0,13,18,-1000.0
892,NL_Balance,DE_Balance,2030,3,1.0,1.0,19,24,-1000.0
893,NL_Balance,BE_Balance,2030,3,1.0,1.0,1,6,-1000.0
894,NL_Balance,BE_Balance,2030,3,1.0,1.0,7,12,-1000.0
895,NL_Balance,BE_Balance,2030,3,1.0,1.0,13,18,1000.0
896,NL_Balance,BE_Balance,2030,3,1.0,1.0,19,24,-1000.0
897,BE_Balance,FR_Balance,2030,3,1.0,1.0,1,6,0.0
898,BE_Balance,FR_Balance,2030,3,1.0,1.0,7,12,-1000.0
899,BE_Balance,FR_Balance,2030,3,1.0,1.0,13,18,-1000.0
900,BE_Balance,FR_Balance,2030,3,1.0,1.0,19,24,-98.68200929522732
901,BE_Balance,LU_Balance,2030,3,1.0,1.0,1,6,1000.0
902,BE_Balance,LU_Balance,2030,3,1.0,1.0,7,12,1000.0
903,BE_Balance,LU_Balance,2030,3,1.0,1.0,13,18,-970.6234034651034
904,BE_Balance,LU_Balance,2030,3,1.0,1.0,19,24,1000.0
905,DE_Balance,FR_Balance,2030,3,1.0,1.0,1,6,1000.0
906,DE_Balance,FR_Balance,2030,3,1.0,1.0,7,12,1000.0
907,DE_Balance,FR_Balance,2030,3,1.0,1.0,13,18,1000.0
908,DE_Balance,FR_Balance,2030,3,1.0,1.0,19,24,1000.0
909,FR_Balance,UK_Balance,2030,3,1.0,1.0,1,6,-1000.0
910,FR_Balance,UK_Balance,2030,3,1.0,1.0,7,12,-1000.0
911,FR_Balance,UK_Balance,2030,3,1.0,1.0,13,18,-1000.0
912,FR_Balance,UK_Balance,2030,3,1.0,1.0,19,24,-1000.0
913,FR_Balance,CH_Balance,2030,3,1.0,1.0,1,6,1000.0
914,FR_Balance,CH_Balance,2030,3,1.0,1.0,7,12,1000.0
915,FR_Balance,CH_Balance,2030,3,1.0,1.0,13,18,1000.0
916,FR_Balance,CH_Balance,2030,3,1.0,1.0,19,24,1000.0
917,FR_Balance,LU_Balance,2030,3,1.0,1.0,1,6,909.1988604253793
918,FR_Balance,LU_Balance,2030,3,1.0,1.0,7,12,-990.3473998053792
919,FR_Balance,LU_Balance,2030,3,1.0,1.0,13,18,1000.0
920,FR_Balance,LU_Balance,2030,3,1.0,1.0,19,24,-992.710431700138
921,BE_OCGT,BE_Balance,2030,3,1.0,1.0,1,6,0.0
922,BE_OCGT,BE_Balance,2030,3,1.0,1.0,7,12,0.0
923,BE_OCGT,BE_Balance,2030,3,1.0,1.0,13,18,0.0
924,BE_OCGT,BE_Balance,2030,3,1.0,1.0,19,24,0.0
925,DE_CCGT,DE_Balance,2030,3,1.0,1.0,1,6,0.0
926,DE_CCGT,DE_Balance,2030,3,1.0,1.0,7,12,0.0
927,DE_CCGT,DE_Balance,2030,3,1.0,1.0,13,18,0.0
928,DE_CCGT,DE_Balance,2030,3,1.0,1.0,19,24,0.0
929,FR_Solar,FR_Balance,2030,3,1.0,1.0,1,6,0.0
930,FR_Solar,FR_Balance,2030,3,1.0,1.0,7,12,2932.179372466758
931,FR_Solar,FR_Balance,2030,3,1.0,1.0,13,18,8064.346761528826
932,FR_Solar,FR_Balance,2030,3,1.0,1.0,19,24,0.0
933,FR_Coal,FR_Balance,2030,3,1.0,1.0,1,6,0.0
934,FR_Coal,FR_Balance,2030,3,1.0,1.0,7,12,0.0
935,FR_Coal,FR_Balance,2030,3,1.0,1.0,13,18,0.0
936,FR_Coal,FR_Balance,2030,3,1.0,1.0,19,24,0.0
937,LU_Balance,LU_Battery,2030,3,1.0,1.0,1,6,0.0
938,LU_Balance,LU_Battery,2030,3,1.0,1.0,7,12,0.0
939,LU_Balance,LU_Battery,2030,3,1.0,1.0,13,18,0.0
940,LU_Balance,LU_Battery,2030,3,1.0,1.0,19,24,0.0
941,BE_Balance,DE_Balance,2030,3,1.0,1.0,1,6,-1000.0
942,BE_Balance,DE_Balance,2030,3,1.0,1.0,7,12,-1000.0
943,BE_Balance,DE_Balance,2030,3,1.0,1.0,13,18,-1000.0
944,BE_Balance,DE_Balance,2030,3,1.0,1.0,19,24,-1000.0
945,BE_Balance,UK_Balance,2030,3,1.0,1.0,1,6,-1000.0
946,BE_Balance,UK_Balance,2030,3,1.0,1.0,7,12,-1000.0
947,BE_Balance,UK_Balance,2030,3,1.0,1.0,13,18,-1000.0
948,BE_Balance,UK_Balance,2030,3,1.0,1.0,19,24,-1000.0
949,DE_Balance,CH_Balance,2030,3,1.0,1.0,1,6,1000.0
950,DE_Balance,CH_Balance,2030,3,1.0,1.0,7,12,1000.0
951,DE_Balance,CH_Balance,2030,3,1.0,1.0,13,18,1000.0
952,DE_Balance,CH_Balance,2030,3,1.0,1.0,19,24,1000.0
953,NL_Balance,NL_Battery,2030,3,1.0,1.0,1,6,0.0
954,NL_Balance,NL_Battery,2030,3,1.0,1.0,7,12,0.0
955,NL_Balance,NL_Battery,2030,3,1.0,1.0,13,18,0.0
956,NL_Balance,NL_Battery,2030,3,1.0,1.0,19,24,0.0
957,NL_Wind_Onshore,NL_Balance,2030,3,1.0,1.0,1,6,11185.417695326172
958,NL_Wind_Onshore,NL_Balance,2030,3,1.0,1.0,7,12,13352.251223816624
959,NL_Wind_Onshore,NL_Balance,2030,3,1.0,1.0,13,18,15740.585315287237
960,NL_Wind_Onshore,NL_Balance,2030,3,1.0,1.0,19,24,13018.219723547938
961,BE_Nuclear,BE_Balance,2030,3,1.0,1.0,1,6,0.0
962,BE_Nuclear,BE_Balance,2030,3,1.0,1.0,7,12,0.0
963,BE_Nuclear,BE_Balance,2030,3,1.0,1.0,13,18,0.0
964,BE_Nuclear,BE_Balance,2030,3,1.0,1.0,19,24,0.0
965,LU_Solar,LU_Balance,2030,3,1.0,1.0,1,6,0.0
966,LU_Solar,LU_Balance,2030,3,1.0,1.0,7,12,0.0
967,LU_Solar,LU_Balance,2030,3,1.0,1.0,13,18,0.0
968,LU_Solar,LU_Balance,2030,3,1.0,1.0,19,24,0.0
969,CH_Balance,CH_Battery,2030,3,1.0,1.0,1,6,22.401781655958985
970,CH_Balance,CH_Battery,2030,3,1.0,1.0,7,12,481.8055009950531
971,CH_Balance,CH_Battery,2030,3,1.0,1.0,13,18,125.60924839351628
972,CH_Balance,CH_Battery,2030,3,1.0,1.0,19,24,0.0
973,NL_Balance,UK_Balance,2030,3,1.0,1.0,1,6,-1000.0
974,NL_Balance,UK_Balance,2030,3,1.0,1.0,7,12,-1000.0
975,NL_Balance,UK_Balance,2030,3,1.0,1.0,13,18,-1000.0
976,NL_Balance,UK_Balance,2030,3,1.0,1.0,19,24,-1000.0
977,DE_Balance,LU_Balance,2030,3,1.0,1.0,1,6,-1000.0
978,DE_Balance,LU_Balance,2030,3,1.0,1.0,7,12,1000.0
979,DE_Balance,LU_Balance,2030,3,1.0,1.0,13,18,1000.0
980,DE_Balance,LU_Balance,2030,3,1.0,1.0,19,24,1000.0
981,LU_OCGT,LU_Balance,2030,3,1.0,1.0,1,6,0.0
982,LU_OCGT,LU_Balance,2030,3,1.0,1.0,7,12,0.0
983,LU_OCGT,LU_Balance,2030,3,1.0,1.0,13,18,0.0
984,LU_OCGT,LU_Balance,2030,3,1.0,1.0,19,24,0.0
985,BE_Balance,BE_E_Demand,2030,3,1.0,1.0,1,6,9560.862163724703
986,BE_Balance,BE_E_Demand,2030,3,1.0,1.0,7,12,11764.598063674353
987,BE_Balance,BE_E_Demand,2030,3,1.0,1.0,13,18,11949.503242262115
988,BE_Balance,BE_E_Demand,2030,3,1.0,1.0,19,24,11504.057181841128
989,BE_Solar,BE_Balance,2030,3,1.0,1.0,1,6,0.0
990,BE_Solar,BE_Balance,2030,3,1.0,1.0,7,12,756.4511825068962
991,BE_Solar,BE_Balance,2030,3,1.0,1.0,13,18,2066.330841835862
992,BE_Solar,BE_Balance,2030,3,1.0,1.0,19,24,0.0
993,NL_Coal,NL_Balance,2030,3,1.0,1.0,1,6,0.0
994,NL_Coal,NL_Balance,2030,3,1.0,1.0,7,12,0.0
995,NL_Coal,NL_Balance,2030,3,1.0,1.0,13,18,0.0
996,NL_Coal,NL_Balance,2030,3,1.0,1.0,19,24,0.0
997,NL_Balance,NL_E_Demand,2030,4,1.0,1.0,1,6,13991.10885583738
998,NL_Balance,NL_E_Demand,2030,4,1.0,1.0,7,12,16510.28064456668
999,NL_Balance,NL_E_Demand,2030,4,1.0,1.0,13,18,17262.962134894773
1000,NL_Balance,NL_E_Demand,2030,4,1.0,1.0,19,24,15451.467543825196
1001,NL_Solar,NL_Balance,2030,4,1.0,1.0,1,6,0.0
1002,NL_Solar,NL_Balance,2030,4,1.0,1.0,7,12,1020.9266764331734
1003,NL_Solar,NL_Balance,2030,4,1.0,1.0,13,18,2373.116027999869
1004,NL_Solar,NL_Balance,2030,4,1.0,1.0,19,24,10.92959524017383
1005,NL_Wind_Offshore,NL_Balance,2030,4,1.0,1.0,1,6,0.0
1006,NL_Wind_Offshore,NL_Balance,2030,4,1.0,1.0,7,12,0.0
1007,NL_Wind_Offshore,NL_Balance,2030,4,1.0,1.0,13,18,0.0
1008,NL_Wind_Offshore,NL_Balance,2030,4,1.0,1.0,19,24,0.0
1009,NL_Nuclear,NL_Balance,2030,4,1.0,1.0,1,6,0.0
1010,NL_Nuclear,NL_Balance,2030,4,1.0,1.0,7,12,9.536743164062504e-07
1011,NL_Nuclear,NL_Balance,2030,4,1.0,1.0,13,18,9.536743164062504e-07
1012,NL_Nuclear,NL_Balance,2030,4,1.0,1.0,19,24,0.0
1013,NL_CCGT,NL_Balance,2030,4,1.0,1.0,1,6,0.0
1014,NL_CCGT,NL_Balance,2030,4,1.0,1.0,7,12,0.0
1015,NL_CCGT,NL_Balance,2030,4,1.0,1.0,13,18,0.0
1016,NL_CCGT,NL_Balance,2030,4,1.0,1.0,19,24,0.0
1017,NL_OCGT,NL_Balance,2030,4,1.0,1.0,1,6,0.0
1018,NL_OCGT,NL_Balance,2030,4,1.0,1.0,7,12,0.0
1019,NL_OCGT,NL_Balance,2030,4,1.0,1.0,13,18,0.0
1020,NL_OCGT,NL_Balance,2030,4,1.0,1.0,19,24,0.0
1021,NL_Battery,NL_Balance,2030,4,1.0,1.0,1,6,0.0
1022,NL_Battery,NL_Balance,2030,4,1.0,1.0,7,12,0.0
1023,NL_Battery,NL_Balance,2030,4,1.0,1.0,13,18,0.0
1024,NL_Battery,NL_Balance,2030,4,1.0,1.0,19,24,0.0
1025,NL_Balance,NL_Battery,2030,4,1.0,1.0,1,6,0.0
1026,NL_Balance,NL_Battery,2030,4,1.0,1.0,7,12,0.0
1027,NL_Balance,NL_Battery,2030,4,1.0,1.0,13,18,0.0
1028,NL_Balance,NL_Battery,2030,4,1.0,1.0,19,24,0.0
1029,BE_Wind_Onshore,BE_Balance,2030,4,1.0,1.0,1,6,6363.180789114525
1030,BE_Wind_Onshore,BE_Balance,2030,4,1.0,1.0,7,12,9508.378259968722
1031,BE_Wind_Onshore,BE_Balance,2030,4,1.0,1.0,13,18,5609.641304921989
1032,BE_Wind_Onshore,BE_Balance,2030,4,1.0,1.0,19,24,10301.740258487142
1033,BE_Wind_Offshore,BE_Balance,2030,4,1.0,1.0,1,6,0.0
1034,BE_Wind_Offshore,BE_Balance,2030,4,1.0,1.0,7,12,0.0
1035,BE_Wind_Offshore,BE_Balance,2030,4,1.0,1.0,13,18,0.0
1036,BE_Wind_Offshore,BE_Balance,2030,4,1.0,1.0,19,24,0.0
1037,BE_Coal,BE_Balance,2030,4,1.0,1.0,1,6,0.0
1038,BE_Coal,BE_Balance,2030,4,1.0,1.0,7,12,0.0
1039,BE_Coal,BE_Balance,2030,4,1.0,1.0,13,18,0.0
1040,BE_Coal,BE_Balance,2030,4,1.0,1.0,19,24,0.0
1041,BE_CCGT,BE_Balance,2030,4,1.0,1.0,1,6,0.0
1042,BE_CCGT,BE_Balance,2030,4,1.0,1.0,7,12,0.0
1043,BE_CCGT,BE_Balance,2030,4,1.0,1.0,13,18,0.0
1044,BE_CCGT,BE_Balance,2030,4,1.0,1.0,19,24,0.0
1045,BE_Battery,BE_Balance,2030,4,1.0,1.0,1,6,0.0
1046,BE_Battery,BE_Balance,2030,4,1.0,1.0,7,12,0.0
1047,BE_Battery,BE_Balance,2030,4,1.0,1.0,13,18,0.0
1048,BE_Battery,BE_Balance,2030,4,1.0,1.0,19,24,0.0
1049,BE_Balance,BE_Battery,2030,4,1.0,1.0,1,6,0.0
1050,BE_Balance,BE_Battery,2030,4,1.0,1.0,7,12,0.0
1051,BE_Balance,BE_Battery,2030,4,1.0,1.0,13,18,0.0
1052,BE_Balance,BE_Battery,2030,4,1.0,1.0,19,24,0.0
1053,DE_Balance,DE_E_Demand,2030,4,1.0,1.0,1,6,61608.16358013611
1054,DE_Balance,DE_E_Demand,2030,4,1.0,1.0,7,12,72951.7294321156
1055,DE_Balance,DE_E_Demand,2030,4,1.0,1.0,13,18,73103.82776336563
1056,DE_Balance,DE_E_Demand,2030,4,1.0,1.0,19,24,66109.2244930083
1057,DE_Solar,DE_Balance,2030,4,1.0,1.0,1,6,0.0
1058,DE_Solar,DE_Balance,2030,4,1.0,1.0,7,12,13394.890840989128
1059,DE_Solar,DE_Balance,2030,4,1.0,1.0,13,18,23363.921932209778
1060,DE_Solar,DE_Balance,2030,4,1.0,1.0,19,24,52.911522851085266
1061,DE_Wind_Onshore,DE_Balance,2030,4,1.0,1.0,1,6,64608.16358013611
1062,DE_Wind_Onshore,DE_Balance,2030,4,1.0,1.0,7,12,64556.83859112646
1063,DE_Wind_Onshore,DE_Balance,2030,4,1.0,1.0,13,18,54739.90583115585
1064,DE_Wind_Onshore,DE_Balance,2030,4,1.0,1.0,19,24,71032.5933411727
1065,DE_Coal,DE_Balance,2030,4,1.0,1.0,1,6,0.0
1066,DE_Coal,DE_Balance,2030,4,1.0,1.0,7,12,0.0
1067,DE_Coal,DE_Balance,2030,4,1.0,1.0,13,18,0.0
1068,DE_Coal,DE_Balance,2030,4,1.0,1.0,19,24,0.0
1069,DE_Nuclear,DE_Balance,2030,4,1.0,1.0,1,6,0.0
1070,DE_Nuclear,DE_Balance,2030,4,1.0,1.0,7,12,0.0
1071,DE_Nuclear,DE_Balance,2030,4,1.0,1.0,13,18,0.0
1072,DE_Nuclear,DE_Balance,2030,4,1.0,1.0,19,24,0.0
1073,DE_CCGT,DE_Balance,2030,4,1.0,1.0,1,6,0.0
1074,DE_CCGT,DE_Balance,2030,4,1.0,1.0,7,12,0.0
1075,DE_CCGT,DE_Balance,2030,4,1.0,1.0,13,18,0.0
1076,DE_CCGT,DE_Balance,2030,4,1.0,1.0,19,24,0.0
1077,DE_OCGT,DE_Balance,2030,4,1.0,1.0,1,6,0.0
1078,DE_OCGT,DE_Balance,2030,4,1.0,1.0,7,12,0.0
1079,DE_OCGT,DE_Balance,2030,4,1.0,1.0,13,18,0.0
1080,DE_OCGT,DE_Balance,2030,4,1.0,1.0,19,24,0.0
1081,DE_Battery,DE_Balance,2030,4,1.0,1.0,1,6,0.0
1082,DE_Battery,DE_Balance,2030,4,1.0,1.0,7,12,0.0
1083,DE_Battery,DE_Balance,2030,4,1.0,1.0,13,18,0.0
1084,DE_Battery,DE_Balance,2030,4,1.0,1.0,19,24,0.0
1085,DE_Balance,DE_Battery,2030,4,1.0,1.0,1,6,0.0
1086,DE_Balance,DE_Battery,2030,4,1.0,1.0,7,12,0.0
1087,DE_Balance,DE_Battery,2030,4,1.0,1.0,13,18,0.0
1088,DE_Balance,DE_Battery,2030,4,1.0,1.0,19,24,0.0
1089,FR_Solar,FR_Balance,2030,4,1.0,1.0,1,6,0.0
1090,FR_Solar,FR_Balance,2030,4,1.0,1.0,7,12,3835.2690460909553
1091,FR_Solar,FR_Balance,2030,4,1.0,1.0,13,18,9826.10359949739
1092,FR_Solar,FR_Balance,2030,4,1.0,1.0,19,24,114.21989185773869
1093,FR_Wind_Onshore,FR_Balance,2030,4,1.0,1.0,1,6,57303.65123933411
1094,FR_Wind_Onshore,FR_Balance,2030,4,1.0,1.0,7,12,57207.41287603557
1095,FR_Wind_Onshore,FR_Balance,2030,4,1.0,1.0,13,18,50955.42515690547
1096,FR_Wind_Onshore,FR_Balance,2030,4,1.0,1.0,19,24,65608.59296346772
1097,FR_Wind_Offshore,FR_Balance,2030,4,1.0,1.0,1,6,0.0
1098,FR_Wind_Offshore,FR_Balance,2030,4,1.0,1.0,7,12,0.0
1099,FR_Wind_Offshore,FR_Balance,2030,4,1.0,1.0,13,18,0.0
1100,FR_Wind_Offshore,FR_Balance,2030,4,1.0,1.0,19,24,0.0
1101,FR_Coal,FR_Balance,2030,4,1.0,1.0,1,6,0.0
1102,FR_Coal,FR_Balance,2030,4,1.0,1.0,7,12,0.0
1103,FR_Coal,FR_Balance,2030,4,1.0,1.0,13,18,0.0
1104,FR_Coal,FR_Balance,2030,4,1.0,1.0,19,24,0.0
1105,FR_CCGT,FR_Balance,2030,4,1.0,1.0,1,6,0.0
1106,FR_CCGT,FR_Balance,2030,4,1.0,1.0,7,12,0.0
1107,FR_CCGT,FR_Balance,2030,4,1.0,1.0,13,18,0.0
1108,FR_CCGT,FR_Balance,2030,4,1.0,1.0,19,24,0.0
1109,FR_Balance,FR_Battery,2030,4,1.0,1.0,1,6,0.0
1110,FR_Balance,FR_Battery,2030,4,1.0,1.0,7,12,0.0
1111,FR_Balance,FR_Battery,2030,4,1.0,1.0,13,18,0.0
1112,FR_Balance,FR_Battery,2030,4,1.0,1.0,19,24,0.0
1113,LU_Wind_Onshore,LU_Balance,2030,4,1.0,1.0,1,6,0.0
1114,LU_Wind_Onshore,LU_Balance,2030,4,1.0,1.0,7,12,0.0
1115,LU_Wind_Onshore,LU_Balance,2030,4,1.0,1.0,13,18,0.0
1116,LU_Wind_Onshore,LU_Balance,2030,4,1.0,1.0,19,24,0.0
1117,LU_Wind_Offshore,LU_Balance,2030,4,1.0,1.0,1,6,0.0
1118,LU_Wind_Offshore,LU_Balance,2030,4,1.0,1.0,7,12,0.0
1119,LU_Wind_Offshore,LU_Balance,2030,4,1.0,1.0,13,18,0.0
1120,LU_Wind_Offshore,LU_Balance,2030,4,1.0,1.0,19,24,0.0
1121,LU_Coal,LU_Balance,2030,4,1.0,1.0,1,6,0.0
1122,LU_Coal,LU_Balance,2030,4,1.0,1.0,7,12,0.0
1123,LU_Coal,LU_Balance,2030,4,1.0,1.0,13,18,0.0
1124,LU_Coal,LU_Balance,2030,4,1.0,1.0,19,24,0.0
1125,LU_Nuclear,LU_Balance,2030,4,1.0,1.0,1,6,0.0
1126,LU_Nuclear,LU_Balance,2030,4,1.0,1.0,7,12,0.0
1127,LU_Nuclear,LU_Balance,2030,4,1.0,1.0,13,18,0.0
1128,LU_Nuclear,LU_Balance,2030,4,1.0,1.0,19,24,0.0
1129,LU_CCGT,LU_Balance,2030,4,1.0,1.0,1,6,0.0
1130,LU_CCGT,LU_Balance,2030,4,1.0,1.0,7,12,0.0
1131,LU_CCGT,LU_Balance,2030,4,1.0,1.0,13,18,0.0
1132,LU_CCGT,LU_Balance,2030,4,1.0,1.0,19,24,0.0
1133,LU_Battery,LU_Balance,2030,4,1.0,1.0,1,6,0.0
1134,LU_Battery,LU_Balance,2030,4,1.0,1.0,7,12,0.0
1135,LU_Battery,LU_Balance,2030,4,1.0,1.0,13,18,0.0
1136,LU_Battery,LU_Balance,2030,4,1.0,1.0,19,24,0.0
1137,CH_Balance,CH_E_Demand,2030,4,1.0,1.0,1,6,7298.471712744545
1138,CH_Balance,CH_E_Demand,2030,4,1.0,1.0,7,12,8676.31521285337
1139,CH_Balance,CH_E_Demand,2030,4,1.0,1.0,13,18,8280.32616721274
1140,CH_Balance,CH_E_Demand,2030,4,1.0,1.0,19,24,7906.986762019129
1141,CH_Solar,CH_Balance,2030,4,1.0,1.0,1,6,0.0
1142,CH_Solar,CH_Balance,2030,4,1.0,1.0,7,12,1192.7311888709999
1143,CH_Solar,CH_Balance,2030,4,1.0,1.0,13,18,2378.205787122
1144,CH_Solar,CH_Balance,2030,4,1.0,1.0,19,24,7.253739746999889
1145,CH_Wind_Onshore,CH_Balance,2030,4,1.0,1.0,1,6,5355.383131587785
1146,CH_Wind_Onshore,CH_Balance,2030,4,1.0,1.0,7,12,5426.672605139129
1147,CH_Wind_Onshore,CH_Balance,2030,4,1.0,1.0,13,18,3902.1203800907388
1148,CH_Wind_Onshore,CH_Balance,2030,4,1.0,1.0,19,24,5899.733022272129
1149,CH_Wind_Offshore,CH_Balance,2030,4,1.0,1.0,1,6,0.0
1150,CH_Wind_Offshore,CH_Balance,2030,4,1.0,1.0,7,12,0.0
1151,CH_Wind_Offshore,CH_Balance,2030,4,1.0,1.0,13,18,0.0
1152,CH_Wind_Offshore,CH_Balance,2030,4,1.0,1.0,19,24,0.0
1153,CH_Coal,CH_Balance,2030,4,1.0,1.0,1,6,0.0
1154,CH_Coal,CH_Balance,2030,4,1.0,1.0,7,12,0.0
1155,CH_Coal,CH_Balance,2030,4,1.0,1.0,13,18,0.0
1156,CH_Coal,CH_Balance,2030,4,1.0,1.0,19,24,0.0
1157,CH_Nuclear,CH_Balance,2030,4,1.0,1.0,1,6,0.0
1158,CH_Nuclear,CH_Balance,2030,4,1.0,1.0,7,12,0.0
1159,CH_Nuclear,CH_Balance,2030,4,1.0,1.0,13,18,0.0
1160,CH_Nuclear,CH_Balance,2030,4,1.0,1.0,19,24,0.0
1161,CH_CCGT,CH_Balance,2030,4,1.0,1.0,1,6,0.0
1162,CH_CCGT,CH_Balance,2030,4,1.0,1.0,7,12,0.0
1163,CH_CCGT,CH_Balance,2030,4,1.0,1.0,13,18,0.0
1164,CH_CCGT,CH_Balance,2030,4,1.0,1.0,19,24,0.0
1165,CH_OCGT,CH_Balance,2030,4,1.0,1.0,1,6,0.0
1166,CH_OCGT,CH_Balance,2030,4,1.0,1.0,7,12,0.0
1167,CH_OCGT,CH_Balance,2030,4,1.0,1.0,13,18,0.0
1168,CH_OCGT,CH_Balance,2030,4,1.0,1.0,19,24,0.0
1169,CH_Balance,CH_Battery,2030,4,1.0,1.0,1,6,56.911418843240654
1170,CH_Balance,CH_Battery,2030,4,1.0,1.0,7,12,0.0
1171,CH_Balance,CH_Battery,2030,4,1.0,1.0,13,18,0.0
1172,CH_Balance,CH_Battery,2030,4,1.0,1.0,19,24,0.0
1173,UK_Balance,UK_E_Demand,2030,4,1.0,1.0,1,6,29460.996659359193
1174,UK_Balance,UK_E_Demand,2030,4,1.0,1.0,7,12,43462.29624258747
1175,UK_Balance,UK_E_Demand,2030,4,1.0,1.0,13,18,47358.24149618516
1176,UK_Balance,UK_E_Demand,2030,4,1.0,1.0,19,24,45010.48050289346
1177,UK_Solar,UK_Balance,2030,4,1.0,1.0,1,6,0.0
1178,UK_Solar,UK_Balance,2030,4,1.0,1.0,7,12,1.2807053345217387
1179,UK_Solar,UK_Balance,2030,4,1.0,1.0,13,18,4.888915886608696
1180,UK_Solar,UK_Balance,2030,4,1.0,1.0,19,24,0.0970120655217387
1181,UK_Wind_Onshore,UK_Balance,2030,4,1.0,1.0,1,6,32460.996659359193
1182,UK_Wind_Onshore,UK_Balance,2030,4,1.0,1.0,7,12,46461.01553725295
1183,UK_Wind_Onshore,UK_Balance,2030,4,1.0,1.0,13,18,48353.35258029855
1184,UK_Wind_Onshore,UK_Balance,2030,4,1.0,1.0,19,24,48010.38349082794
1185,UK_Wind_Offshore,UK_Balance,2030,4,1.0,1.0,1,6,0.0
1186,UK_Wind_Offshore,UK_Balance,2030,4,1.0,1.0,7,12,0.0
1187,UK_Wind_Offshore,UK_Balance,2030,4,1.0,1.0,13,18,0.0
1188,UK_Wind_Offshore,UK_Balance,2030,4,1.0,1.0,19,24,0.0
1189,UK_Nuclear,UK_Balance,2030,4,1.0,1.0,1,6,0.0
1190,UK_Nuclear,UK_Balance,2030,4,1.0,1.0,7,12,0.0
1191,UK_Nuclear,UK_Balance,2030,4,1.0,1.0,13,18,0.0
1192,UK_Nuclear,UK_Balance,2030,4,1.0,1.0,19,24,0.0
1193,UK_OCGT,UK_Balance,2030,4,1.0,1.0,1,6,0.0
1194,UK_OCGT,UK_Balance,2030,4,1.0,1.0,7,12,0.0
1195,UK_OCGT,UK_Balance,2030,4,1.0,1.0,13,18,0.0
1196,UK_OCGT,UK_Balance,2030,4,1.0,1.0,19,24,0.0
1197,UK_Battery,UK_Balance,2030,4,1.0,1.0,1,6,0.0
1198,UK_Battery,UK_Balance,2030,4,1.0,1.0,7,12,0.0
1199,UK_Battery,UK_Balance,2030,4,1.0,1.0,13,18,0.0
1200,UK_Battery,UK_Balance,2030,4,1.0,1.0,19,24,0.0
1201,NL_Balance,DE_Balance,2030,4,1.0,1.0,1,6,-1000.0
1202,NL_Balance,DE_Balance,2030,4,1.0,1.0,7,12,-1000.0
1203,NL_Balance,DE_Balance,2030,4,1.0,1.0,13,18,-1000.0
1204,NL_Balance,DE_Balance,2030,4,1.0,1.0,19,24,-1000.0
1205,NL_Balance,UK_Balance,2030,4,1.0,1.0,1,6,-1000.0
1206,NL_Balance,UK_Balance,2030,4,1.0,1.0,7,12,-1000.0
1207,NL_Balance,UK_Balance,2030,4,1.0,1.0,13,18,-1000.0
1208,NL_Balance,UK_Balance,2030,4,1.0,1.0,19,24,-1000.0
1209,NL_Balance,BE_Balance,2030,4,1.0,1.0,1,6,-1000.0
1210,NL_Balance,BE_Balance,2030,4,1.0,1.0,7,12,-1000.0
1211,NL_Balance,BE_Balance,2030,4,1.0,1.0,13,18,-1000.0
1212,NL_Balance,BE_Balance,2030,4,1.0,1.0,19,24,-1000.0
1213,BE_Balance,DE_Balance,2030,4,1.0,1.0,1,6,-1000.0
1214,BE_Balance,DE_Balance,2030,4,1.0,1.0,7,12,-1000.0
1215,BE_Balance,DE_Balance,2030,4,1.0,1.0,13,18,-1000.0
1216,BE_Balance,DE_Balance,2030,4,1.0,1.0,19,24,-1000.0
1217,BE_Balance,FR_Balance,2030,4,1.0,1.0,1,6,-1000.0
1218,BE_Balance,FR_Balance,2030,4,1.0,1.0,7,12,-1000.0
1219,BE_Balance,FR_Balance,2030,4,1.0,1.0,13,18,-1000.0
1220,BE_Balance,FR_Balance,2030,4,1.0,1.0,19,24,-1000.0
1221,BE_Balance,LU_Balance,2030,4,1.0,1.0,1,6,-1000.0
1222,BE_Balance,LU_Balance,2030,4,1.0,1.0,7,12,996.6787516657392
1223,BE_Balance,LU_Balance,2030,4,1.0,1.0,13,18,-1000.0
1224,BE_Balance,LU_Balance,2030,4,1.0,1.0,19,24,1000.0
1225,DE_Balance,FR_Balance,2030,4,1.0,1.0,1,6,-1000.0
1226,DE_Balance,FR_Balance,2030,4,1.0,1.0,7,12,1000.0
1227,DE_Balance,FR_Balance,2030,4,1.0,1.0,13,18,1000.0
1228,DE_Balance,FR_Balance,2030,4,1.0,1.0,19,24,1000.0
1229,FR_Balance,UK_Balance,2030,4,1.0,1.0,1,6,-1000.0
1230,FR_Balance,UK_Balance,2030,4,1.0,1.0,7,12,-1000.0
1231,FR_Balance,UK_Balance,2030,4,1.0,1.0,13,18,1000.0
1232,FR_Balance,UK_Balance,2030,4,1.0,1.0,19,24,-1000.0
1233,FR_Balance,CH_Balance,2030,4,1.0,1.0,1,6,1000.0
1234,FR_Balance,CH_Balance,2030,4,1.0,1.0,7,12,1000.0
1235,FR_Balance,CH_Balance,2030,4,1.0,1.0,13,18,1000.0
1236,FR_Balance,CH_Balance,2030,4,1.0,1.0,19,24,1000.0
1237,NL_Wind_Onshore,NL_Balance,2030,4,1.0,1.0,1,6,10991.108855386095
1238,NL_Wind_Onshore,NL_Balance,2030,4,1.0,1.0,7,12,11719.661234706946
1239,NL_Wind_Onshore,NL_Balance,2030,4,1.0,1.0,13,18,11441.6644341195
1240,NL_Wind_Onshore,NL_Balance,2030,4,1.0,1.0,19,24,12440.537948585023
1241,BE_Nuclear,BE_Balance,2030,4,1.0,1.0,1,6,0.0
1242,BE_Nuclear,BE_Balance,2030,4,1.0,1.0,7,12,0.0
1243,BE_Nuclear,BE_Balance,2030,4,1.0,1.0,13,18,0.0
1244,BE_Nuclear,BE_Balance,2030,4,1.0,1.0,19,24,0.0
1245,DE_Wind_Offshore,DE_Balance,2030,4,1.0,1.0,1,6,0.0
1246,DE_Wind_Offshore,DE_Balance,2030,4,1.0,1.0,7,12,0.0
1247,DE_Wind_Offshore,DE_Balance,2030,4,1.0,1.0,13,18,0.0
1248,DE_Wind_Offshore,DE_Balance,2030,4,1.0,1.0,19,24,0.0
1249,FR_Nuclear,FR_Balance,2030,4,1.0,1.0,1,6,0.0
1250,FR_Nuclear,FR_Balance,2030,4,1.0,1.0,7,12,0.0
1251,FR_Nuclear,FR_Balance,2030,4,1.0,1.0,13,18,0.0
1252,FR_Nuclear,FR_Balance,2030,4,1.0,1.0,19,24,0.0
1253,FR_Battery,FR_Balance,2030,4,1.0,1.0,1,6,0.0
1254,FR_Battery,FR_Balance,2030,4,1.0,1.0,7,12,0.0
1255,FR_Battery,FR_Balance,2030,4,1.0,1.0,13,18,0.0
1256,FR_Battery,FR_Balance,2030,4,1.0,1.0,19,24,0.0
1257,LU_Balance,LU_E_Demand,2030,4,1.0,1.0,1,6,889.3856077996522
1258,LU_Balance,LU_E_Demand,2030,4,1.0,1.0,7,12,996.6787516657392
1259,LU_Balance,LU_E_Demand,2030,4,1.0,1.0,13,18,991.2417254380871
1260,LU_Balance,LU_E_Demand,2030,4,1.0,1.0,19,24,976.2803710154783
1261,UK_Coal,UK_Balance,2030,4,1.0,1.0,1,6,0.0
1262,UK_Coal,UK_Balance,2030,4,1.0,1.0,7,12,0.0
1263,UK_Coal,UK_Balance,2030,4,1.0,1.0,13,18,0.0
1264,UK_Coal,UK_Balance,2030,4,1.0,1.0,19,24,0.0
1265,UK_CCGT,UK_Balance,2030,4,1.0,1.0,1,6,0.0
1266,UK_CCGT,UK_Balance,2030,4,1.0,1.0,7,12,0.0
1267,UK_CCGT,UK_Balance,2030,4,1.0,1.0,13,18,0.0
1268,UK_CCGT,UK_Balance,2030,4,1.0,1.0,19,24,0.0
1269,UK_Balance,UK_Battery,2030,4,1.0,1.0,1,6,0.0
1270,UK_Balance,UK_Battery,2030,4,1.0,1.0,7,12,0.0
1271,UK_Balance,UK_Battery,2030,4,1.0,1.0,13,18,0.0
1272,UK_Balance,UK_Battery,2030,4,1.0,1.0,19,24,0.0
1273,BE_Balance,UK_Balance,2030,4,1.0,1.0,1,6,-1000.0
1274,BE_Balance,UK_Balance,2030,4,1.0,1.0,7,12,-1000.0
1275,BE_Balance,UK_Balance,2030,4,1.0,1.0,13,18,-1000.0
1276,BE_Balance,UK_Balance,2030,4,1.0,1.0,19,24,-1000.0
1277,DE_Balance,LU_Balance,2030,4,1.0,1.0,1,6,1000.0
1278,DE_Balance,LU_Balance,2030,4,1.0,1.0,7,12,1000.0
1279,DE_Balance,LU_Balance,2030,4,1.0,1.0,13,18,1000.0
1280,DE_Balance,LU_Balance,2030,4,1.0,1.0,19,24,976.2803710154783
1281,FR_Balance,LU_Balance,2030,4,1.0,1.0,1,6,889.3856077996522
1282,FR_Balance,LU_Balance,2030,4,1.0,1.0,7,12,-1000.0
1283,FR_Balance,LU_Balance,2030,4,1.0,1.0,13,18,991.2417254380871
1284,FR_Balance,LU_Balance,2030,4,1.0,1.0,19,24,-1000.0
1285,BE_OCGT,BE_Balance,2030,4,1.0,1.0,1,6,0.0
1286,BE_OCGT,BE_Balance,2030,4,1.0,1.0,7,12,0.0
1287,BE_OCGT,BE_Balance,2030,4,1.0,1.0,13,18,0.0
1288,BE_OCGT,BE_Balance,2030,4,1.0,1.0,19,24,0.0
1289,FR_Balance,FR_E_Demand,2030,4,1.0,1.0,1,6,54414.26563153446
1290,FR_Balance,FR_E_Demand,2030,4,1.0,1.0,7,12,62042.681922126525
1291,FR_Balance,FR_E_Demand,2030,4,1.0,1.0,13,18,57790.28703096478
1292,FR_Balance,FR_E_Demand,2030,4,1.0,1.0,19,24,66722.81285532545
1293,LU_Solar,LU_Balance,2030,4,1.0,1.0,1,6,0.0
1294,LU_Solar,LU_Balance,2030,4,1.0,1.0,7,12,0.0
1295,LU_Solar,LU_Balance,2030,4,1.0,1.0,13,18,0.0
1296,LU_Solar,LU_Balance,2030,4,1.0,1.0,19,24,0.0
1297,LU_Balance,LU_Battery,2030,4,1.0,1.0,1,6,0.0
1298,LU_Balance,LU_Battery,2030,4,1.0,1.0,7,12,0.0
1299,LU_Balance,LU_Battery,2030,4,1.0,1.0,13,18,0.0
1300,LU_Balance,LU_Battery,2030,4,1.0,1.0,19,24,0.0
1301,DE_Balance,CH_Balance,2030,4,1.0,1.0,1,6,1000.0
1302,DE_Balance,CH_Balance,2030,4,1.0,1.0,7,12,1000.0
1303,DE_Balance,CH_Balance,2030,4,1.0,1.0,13,18,1000.0
1304,DE_Balance,CH_Balance,2030,4,1.0,1.0,19,24,1000.0
1305,CH_Battery,CH_Balance,2030,4,1.0,1.0,1,6,0.0
1306,CH_Battery,CH_Balance,2030,4,1.0,1.0,7,12,56.911418843240654
1307,CH_Battery,CH_Balance,2030,4,1.0,1.0,13,18,0.0
1308,CH_Battery,CH_Balance,2030,4,1.0,1.0,19,24,0.0
1309,LU_OCGT,LU_Balance,2030,4,1.0,1.0,1,6,0.0
1310,LU_OCGT,LU_Balance,2030,4,1.0,1.0,7,12,0.0
1311,LU_OCGT,LU_Balance,2030,4,1.0,1.0,13,18,0.0
1312,LU_OCGT,LU_Balance,2030,4,1.0,1.0,19,24,0.0
1313,FR_OCGT,FR_Balance,2030,4,1.0,1.0,1,6,0.0
1314,FR_OCGT,FR_Balance,2030,4,1.0,1.0,7,12,0.0
1315,FR_OCGT,FR_Balance,2030,4,1.0,1.0,13,18,0.0
1316,FR_OCGT,FR_Balance,2030,4,1.0,1.0,19,24,0.0
1317,NL_Coal,NL_Balance,2030,4,1.0,1.0,1,6,4.512844098414348e-07
1318,NL_Coal,NL_Balance,2030,4,1.0,1.0,7,12,769.6927324728853
1319,NL_Coal,NL_Balance,2030,4,1.0,1.0,13,18,448.1816718217283
1320,NL_Coal,NL_Balance,2030,4,1.0,1.0,19,24,0.0
1321,BE_Balance,BE_E_Demand,2030,4,1.0,1.0,1,6,9363.180789114525
1322,BE_Balance,BE_E_Demand,2030,4,1.0,1.0,7,12,11727.684961051678
1323,BE_Balance,BE_E_Demand,2030,4,1.0,1.0,13,18,11702.687457456772
1324,BE_Balance,BE_E_Demand,2030,4,1.0,1.0,19,24,11321.781414773228
1325,BE_Solar,BE_Balance,2030,4,1.0,1.0,1,6,0.0
1326,BE_Solar,BE_Balance,2030,4,1.0,1.0,7,12,1215.9854527486953
1327,BE_Solar,BE_Balance,2030,4,1.0,1.0,13,18,3093.046152534783
1328,BE_Solar,BE_Balance,2030,4,1.0,1.0,19,24,20.041156286086665
1329,NL_Balance,NL_E_Demand,2030,5,1.0,1.0,1,6,13573.75144463958
1330,NL_Balance,NL_E_Demand,2030,5,1.0,1.0,7,12,15911.203713115341
1331,NL_Balance,NL_E_Demand,2030,5,1.0,1.0,13,18,16896.228516031773
1332,NL_Balance,NL_E_Demand,2030,5,1.0,1.0,19,24,15255.116241471973
1333,NL_Solar,NL_Balance,2030,5,1.0,1.0,1,6,0.0
1334,NL_Solar,NL_Balance,2030,5,1.0,1.0,7,12,711.6947479352305
1335,NL_Solar,NL_Balance,2030,5,1.0,1.0,13,18,1683.928779503538
1336,NL_Solar,NL_Balance,2030,5,1.0,1.0,19,24,9.24770489209605
1337,NL_Wind_Onshore,NL_Balance,2030,5,1.0,1.0,1,6,10573.75144463958
1338,NL_Wind_Onshore,NL_Balance,2030,5,1.0,1.0,7,12,12199.50896518011
1339,NL_Wind_Onshore,NL_Balance,2030,5,1.0,1.0,13,18,14212.299736528235
1340,NL_Wind_Onshore,NL_Balance,2030,5,1.0,1.0,19,24,12245.868536579877
1341,NL_Wind_Offshore,NL_Balance,2030,5,1.0,1.0,1,6,0.0
1342,NL_Wind_Offshore,NL_Balance,2030,5,1.0,1.0,7,12,0.0
1343,NL_Wind_Offshore,NL_Balance,2030,5,1.0,1.0,13,18,0.0
1344,NL_Wind_Offshore,NL_Balance,2030,5,1.0,1.0,19,24,0.0
1345,NL_Nuclear,NL_Balance,2030,5,1.0,1.0,1,6,0.0
1346,NL_Nuclear,NL_Balance,2030,5,1.0,1.0,7,12,0.0
1347,NL_Nuclear,NL_Balance,2030,5,1.0,1.0,13,18,0.0
1348,NL_Nuclear,NL_Balance,2030,5,1.0,1.0,19,24,0.0
1349,NL_CCGT,NL_Balance,2030,5,1.0,1.0,1,6,0.0
1350,NL_CCGT,NL_Balance,2030,5,1.0,1.0,7,12,0.0
1351,NL_CCGT,NL_Balance,2030,5,1.0,1.0,13,18,0.0
1352,NL_CCGT,NL_Balance,2030,5,1.0,1.0,19,24,0.0
1353,NL_OCGT,NL_Balance,2030,5,1.0,1.0,1,6,0.0
1354,NL_OCGT,NL_Balance,2030,5,1.0,1.0,7,12,0.0
1355,NL_OCGT,NL_Balance,2030,5,1.0,1.0,13,18,0.0
1356,NL_OCGT,NL_Balance,2030,5,1.0,1.0,19,24,0.0
1357,NL_Battery,NL_Balance,2030,5,1.0,1.0,1,6,0.0
1358,NL_Battery,NL_Balance,2030,5,1.0,1.0,7,12,0.0
1359,NL_Battery,NL_Balance,2030,5,1.0,1.0,13,18,0.0
1360,NL_Battery,NL_Balance,2030,5,1.0,1.0,19,24,0.0
1361,NL_Balance,NL_Battery,2030,5,1.0,1.0,1,6,0.0
1362,NL_Balance,NL_Battery,2030,5,1.0,1.0,7,12,0.0
1363,NL_Balance,NL_Battery,2030,5,1.0,1.0,13,18,0.0
1364,NL_Balance,NL_Battery,2030,5,1.0,1.0,19,24,0.0
1365,BE_Wind_Onshore,BE_Balance,2030,5,1.0,1.0,1,6,7108.701965904958
1366,BE_Wind_Onshore,BE_Balance,2030,5,1.0,1.0,7,12,7416.448098340463
1367,BE_Wind_Onshore,BE_Balance,2030,5,1.0,1.0,13,18,3940.7889423940815
1368,BE_Wind_Onshore,BE_Balance,2030,5,1.0,1.0,19,24,10311.810007694912
1369,BE_Wind_Offshore,BE_Balance,2030,5,1.0,1.0,1,6,0.0
1370,BE_Wind_Offshore,BE_Balance,2030,5,1.0,1.0,7,12,0.0
1371,BE_Wind_Offshore,BE_Balance,2030,5,1.0,1.0,13,18,0.0
1372,BE_Wind_Offshore,BE_Balance,2030,5,1.0,1.0,19,24,0.0
1373,BE_Coal,BE_Balance,2030,5,1.0,1.0,1,6,0.0
1374,BE_Coal,BE_Balance,2030,5,1.0,1.0,7,12,0.0
1375,BE_Coal,BE_Balance,2030,5,1.0,1.0,13,18,0.0
1376,BE_Coal,BE_Balance,2030,5,1.0,1.0,19,24,0.0
1377,BE_Nuclear,BE_Balance,2030,5,1.0,1.0,1,6,0.0
1378,BE_Nuclear,BE_Balance,2030,5,1.0,1.0,7,12,0.0
1379,BE_Nuclear,BE_Balance,2030,5,1.0,1.0,13,18,0.0
1380,BE_Nuclear,BE_Balance,2030,5,1.0,1.0,19,24,0.0
1381,BE_CCGT,BE_Balance,2030,5,1.0,1.0,1,6,0.0
1382,BE_CCGT,BE_Balance,2030,5,1.0,1.0,7,12,0.0
1383,BE_CCGT,BE_Balance,2030,5,1.0,1.0,13,18,0.0
1384,BE_CCGT,BE_Balance,2030,5,1.0,1.0,19,24,0.0
1385,BE_OCGT,BE_Balance,2030,5,1.0,1.0,1,6,0.0
1386,BE_OCGT,BE_Balance,2030,5,1.0,1.0,7,12,0.0
1387,BE_OCGT,BE_Balance,2030,5,1.0,1.0,13,18,0.0
1388,BE_OCGT,BE_Balance,2030,5,1.0,1.0,19,24,0.0
1389,BE_Battery,BE_Balance,2030,5,1.0,1.0,1,6,0.0
1390,BE_Battery,BE_Balance,2030,5,1.0,1.0,7,12,0.0
1391,BE_Battery,BE_Balance,2030,5,1.0,1.0,13,18,0.0
1392,BE_Battery,BE_Balance,2030,5,1.0,1.0,19,24,0.0
1393,BE_Balance,BE_Battery,2030,5,1.0,1.0,1,6,0.0
1394,BE_Balance,BE_Battery,2030,5,1.0,1.0,7,12,0.0
1395,BE_Balance,BE_Battery,2030,5,1.0,1.0,13,18,0.0
1396,BE_Balance,BE_Battery,2030,5,1.0,1.0,19,24,0.0
1397,DE_Balance,DE_E_Demand,2030,5,1.0,1.0,1,6,58218.11285736983
1398,DE_Balance,DE_E_Demand,2030,5,1.0,1.0,7,12,68704.82633947046
1399,DE_Balance,DE_E_Demand,2030,5,1.0,1.0,13,18,69697.7887451478
1400,DE_Balance,DE_E_Demand,2030,5,1.0,1.0,19,24,63876.488912135486
1401,DE_Solar,DE_Balance,2030,5,1.0,1.0,1,6,0.0
1402,DE_Solar,DE_Balance,2030,5,1.0,1.0,7,12,9125.33484830192
1403,DE_Solar,DE_Balance,2030,5,1.0,1.0,13,18,17836.281514583654
1404,DE_Solar,DE_Balance,2030,5,1.0,1.0,19,24,38.711525529805996
1405,DE_Wind_Offshore,DE_Balance,2030,5,1.0,1.0,1,6,0.0
1406,DE_Wind_Offshore,DE_Balance,2030,5,1.0,1.0,7,12,0.0
1407,DE_Wind_Offshore,DE_Balance,2030,5,1.0,1.0,13,18,0.0
1408,DE_Wind_Offshore,DE_Balance,2030,5,1.0,1.0,19,24,0.0
1409,DE_Coal,DE_Balance,2030,5,1.0,1.0,1,6,0.0
1410,DE_Coal,DE_Balance,2030,5,1.0,1.0,7,12,0.0
1411,DE_Coal,DE_Balance,2030,5,1.0,1.0,13,18,0.0
1412,DE_Coal,DE_Balance,2030,5,1.0,1.0,19,24,0.0
1413,DE_CCGT,DE_Balance,2030,5,1.0,1.0,1,6,0.0
1414,DE_CCGT,DE_Balance,2030,5,1.0,1.0,7,12,0.0
1415,DE_CCGT,DE_Balance,2030,5,1.0,1.0,13,18,0.0
1416,DE_CCGT,DE_Balance,2030,5,1.0,1.0,19,24,0.0
1417,DE_OCGT,DE_Balance,2030,5,1.0,1.0,1,6,0.0
1418,DE_OCGT,DE_Balance,2030,5,1.0,1.0,7,12,0.0
1419,DE_OCGT,DE_Balance,2030,5,1.0,1.0,13,18,0.0
1420,DE_OCGT,DE_Balance,2030,5,1.0,1.0,19,24,0.0
1421,DE_Battery,DE_Balance,2030,5,1.0,1.0,1,6,0.0
1422,DE_Battery,DE_Balance,2030,5,1.0,1.0,7,12,0.0
1423,DE_Battery,DE_Balance,2030,5,1.0,1.0,13,18,0.0
1424,DE_Battery,DE_Balance,2030,5,1.0,1.0,19,24,0.0
1425,DE_Balance,DE_Battery,2030,5,1.0,1.0,1,6,0.0
1426,DE_Balance,DE_Battery,2030,5,1.0,1.0,7,12,0.0
1427,DE_Balance,DE_Battery,2030,5,1.0,1.0,13,18,0.0
1428,DE_Balance,DE_Battery,2030,5,1.0,1.0,19,24,0.0
1429,FR_Balance,FR_E_Demand,2030,5,1.0,1.0,1,6,53235.240171486716
1430,FR_Balance,FR_E_Demand,2030,5,1.0,1.0,7,12,60146.23380534366
1431,FR_Balance,FR_E_Demand,2030,5,1.0,1.0,13,18,56817.929809707915
1432,FR_Balance,FR_E_Demand,2030,5,1.0,1.0,19,24,64843.650405517226
1433,FR_Solar,FR_Balance,2030,5,1.0,1.0,1,6,0.0
1434,FR_Solar,FR_Balance,2030,5,1.0,1.0,7,12,3070.2022620874613
1435,FR_Solar,FR_Balance,2030,5,1.0,1.0,13,18,8007.185570314846
1436,FR_Solar,FR_Balance,2030,5,1.0,1.0,19,24,60.01869821122992
1437,FR_Wind_Onshore,FR_Balance,2030,5,1.0,1.0,1,6,56235.240171486716
1438,FR_Wind_Onshore,FR_Balance,2030,5,1.0,1.0,7,12,58076.0315432562
1439,FR_Wind_Onshore,FR_Balance,2030,5,1.0,1.0,13,18,51365.44516848701
1440,FR_Wind_Onshore,FR_Balance,2030,5,1.0,1.0,19,24,63390.59456295592
1441,FR_Wind_Offshore,FR_Balance,2030,5,1.0,1.0,1,6,0.0
1442,FR_Wind_Offshore,FR_Balance,2030,5,1.0,1.0,7,12,0.0
1443,FR_Wind_Offshore,FR_Balance,2030,5,1.0,1.0,13,18,0.0
1444,FR_Wind_Offshore,FR_Balance,2030,5,1.0,1.0,19,24,0.0
1445,FR_Coal,FR_Balance,2030,5,1.0,1.0,1,6,0.0
1446,FR_Coal,FR_Balance,2030,5,1.0,1.0,7,12,0.0
1447,FR_Coal,FR_Balance,2030,5,1.0,1.0,13,18,0.0
1448,FR_Coal,FR_Balance,2030,5,1.0,1.0,19,24,0.0
1449,FR_Nuclear,FR_Balance,2030,5,1.0,1.0,1,6,0.0
1450,FR_Nuclear,FR_Balance,2030,5,1.0,1.0,7,12,0.0
1451,FR_Nuclear,FR_Balance,2030,5,1.0,1.0,13,18,0.0
1452,FR_Nuclear,FR_Balance,2030,5,1.0,1.0,19,24,0.0
1453,FR_CCGT,FR_Balance,2030,5,1.0,1.0,1,6,0.0
1454,FR_CCGT,FR_Balance,2030,5,1.0,1.0,7,12,0.0
1455,FR_CCGT,FR_Balance,2030,5,1.0,1.0,13,18,0.0
1456,FR_CCGT,FR_Balance,2030,5,1.0,1.0,19,24,0.0
1457,FR_OCGT,FR_Balance,2030,5,1.0,1.0,1,6,0.0
1458,FR_OCGT,FR_Balance,2030,5,1.0,1.0,7,12,0.0
1459,FR_OCGT,FR_Balance,2030,5,1.0,1.0,13,18,0.0
1460,FR_OCGT,FR_Balance,2030,5,1.0,1.0,19,24,0.0
1461,FR_Balance,FR_Battery,2030,5,1.0,1.0,1,6,0.0
1462,FR_Balance,FR_Battery,2030,5,1.0,1.0,7,12,0.0
1463,FR_Balance,FR_Battery,2030,5,1.0,1.0,13,18,0.0
1464,FR_Balance,FR_Battery,2030,5,1.0,1.0,19,24,0.0
1465,LU_Balance,LU_E_Demand,2030,5,1.0,1.0,1,6,840.3447657988462
1466,LU_Balance,LU_E_Demand,2030,5,1.0,1.0,7,12,936.7789980998461
1467,LU_Balance,LU_E_Demand,2030,5,1.0,1.0,13,18,941.1150965746153
1468,LU_Balance,LU_E_Demand,2030,5,1.0,1.0,19,24,927.8584398153846
1469,LU_Solar,LU_Balance,2030,5,1.0,1.0,1,6,0.0
1470,LU_Solar,LU_Balance,2030,5,1.0,1.0,7,12,0.0
1471,LU_Solar,LU_Balance,2030,5,1.0,1.0,13,18,0.0
1472,LU_Solar,LU_Balance,2030,5,1.0,1.0,19,24,0.0
1473,LU_Wind_Onshore,LU_Balance,2030,5,1.0,1.0,1,6,0.0
1474,LU_Wind_Onshore,LU_Balance,2030,5,1.0,1.0,7,12,0.0
1475,LU_Wind_Onshore,LU_Balance,2030,5,1.0,1.0,13,18,0.0
1476,LU_Wind_Onshore,LU_Balance,2030,5,1.0,1.0,19,24,0.0
1477,LU_Wind_Offshore,LU_Balance,2030,5,1.0,1.0,1,6,0.0
1478,LU_Wind_Offshore,LU_Balance,2030,5,1.0,1.0,7,12,0.0
1479,LU_Wind_Offshore,LU_Balance,2030,5,1.0,1.0,13,18,0.0
1480,LU_Wind_Offshore,LU_Balance,2030,5,1.0,1.0,19,24,0.0
1481,LU_OCGT,LU_Balance,2030,5,1.0,1.0,1,6,0.0
1482,LU_OCGT,LU_Balance,2030,5,1.0,1.0,7,12,0.0
1483,LU_OCGT,LU_Balance,2030,5,1.0,1.0,13,18,0.0
1484,LU_OCGT,LU_Balance,2030,5,1.0,1.0,19,24,0.0
1485,LU_Battery,LU_Balance,2030,5,1.0,1.0,1,6,0.0
1486,LU_Battery,LU_Balance,2030,5,1.0,1.0,7,12,0.0
1487,LU_Battery,LU_Balance,2030,5,1.0,1.0,13,18,0.0
1488,LU_Battery,LU_Balance,2030,5,1.0,1.0,19,24,0.0
1489,LU_Balance,LU_Battery,2030,5,1.0,1.0,1,6,0.0
1490,LU_Balance,LU_Battery,2030,5,1.0,1.0,7,12,0.0
1491,LU_Balance,LU_Battery,2030,5,1.0,1.0,13,18,0.0
1492,LU_Balance,LU_Battery,2030,5,1.0,1.0,19,24,0.0
1493,CH_Solar,CH_Balance,2030,5,1.0,1.0,1,6,0.0
1494,CH_Solar,CH_Balance,2030,5,1.0,1.0,7,12,983.3627937864806
1495,CH_Solar,CH_Balance,2030,5,1.0,1.0,13,18,2181.6662345873647
1496,CH_Solar,CH_Balance,2030,5,1.0,1.0,19,24,5.518099896576801
1497,CH_Wind_Onshore,CH_Balance,2030,5,1.0,1.0,1,6,4964.5078600657225
1498,CH_Wind_Onshore,CH_Balance,2030,5,1.0,1.0,7,12,5125.58516983247
1499,CH_Wind_Onshore,CH_Balance,2030,5,1.0,1.0,13,18,3749.4466137279514
1500,CH_Wind_Onshore,CH_Balance,2030,5,1.0,1.0,19,24,5587.412483077288
1501,CH_Wind_Offshore,CH_Balance,2030,5,1.0,1.0,1,6,0.0
1502,CH_Wind_Offshore,CH_Balance,2030,5,1.0,1.0,7,12,0.0
1503,CH_Wind_Offshore,CH_Balance,2030,5,1.0,1.0,13,18,0.0
1504,CH_Wind_Offshore,CH_Balance,2030,5,1.0,1.0,19,24,0.0
1505,CH_Nuclear,CH_Balance,2030,5,1.0,1.0,1,6,0.0
1506,CH_Nuclear,CH_Balance,2030,5,1.0,1.0,7,12,0.0
1507,CH_Nuclear,CH_Balance,2030,5,1.0,1.0,13,18,0.0
1508,CH_Nuclear,CH_Balance,2030,5,1.0,1.0,19,24,0.0
1509,CH_CCGT,CH_Balance,2030,5,1.0,1.0,1,6,0.0
1510,CH_CCGT,CH_Balance,2030,5,1.0,1.0,7,12,0.0
1511,CH_CCGT,CH_Balance,2030,5,1.0,1.0,13,18,0.0
1512,CH_CCGT,CH_Balance,2030,5,1.0,1.0,19,24,0.0
1513,CH_Battery,CH_Balance,2030,5,1.0,1.0,1,6,0.0
1514,CH_Battery,CH_Balance,2030,5,1.0,1.0,7,12,0.0
1515,CH_Battery,CH_Balance,2030,5,1.0,1.0,13,18,0.0
1516,CH_Battery,CH_Balance,2030,5,1.0,1.0,19,24,481.8055009950531
1517,CH_Balance,CH_Battery,2030,5,1.0,1.0,1,6,0.0
1518,CH_Balance,CH_Battery,2030,5,1.0,1.0,7,12,0.0
1519,CH_Balance,CH_Battery,2030,5,1.0,1.0,13,18,0.0
1520,CH_Balance,CH_Battery,2030,5,1.0,1.0,19,24,481.8055009950531
1521,UK_Balance,UK_E_Demand,2030,5,1.0,1.0,1,6,28142.29694458143
1522,UK_Balance,UK_E_Demand,2030,5,1.0,1.0,7,12,40545.22123680718
1523,UK_Balance,UK_E_Demand,2030,5,1.0,1.0,13,18,45674.41267013478
1524,UK_Balance,UK_E_Demand,2030,5,1.0,1.0,19,24,43109.494449145735
1525,UK_Solar,UK_Balance,2030,5,1.0,1.0,1,6,0.0
1526,UK_Solar,UK_Balance,2030,5,1.0,1.0,7,12,0.9919271664230764
1527,UK_Solar,UK_Balance,2030,5,1.0,1.0,13,18,3.3962523932307684
1528,UK_Solar,UK_Balance,2030,5,1.0,1.0,19,24,0.0490973973461535
1529,UK_Wind_Onshore,UK_Balance,2030,5,1.0,1.0,1,6,31142.29694458143
1530,UK_Wind_Onshore,UK_Balance,2030,5,1.0,1.0,7,12,43544.22930964075
1531,UK_Wind_Onshore,UK_Balance,2030,5,1.0,1.0,13,18,47057.430585222224
1532,UK_Wind_Onshore,UK_Balance,2030,5,1.0,1.0,19,24,46109.44535174839
1533,UK_Coal,UK_Balance,2030,5,1.0,1.0,1,6,0.0
1534,UK_Coal,UK_Balance,2030,5,1.0,1.0,7,12,0.0
1535,UK_Coal,UK_Balance,2030,5,1.0,1.0,13,18,0.0
1536,UK_Coal,UK_Balance,2030,5,1.0,1.0,19,24,0.0
1537,UK_CCGT,UK_Balance,2030,5,1.0,1.0,1,6,0.0
1538,UK_CCGT,UK_Balance,2030,5,1.0,1.0,7,12,0.0
1539,UK_CCGT,UK_Balance,2030,5,1.0,1.0,13,18,0.0
1540,UK_CCGT,UK_Balance,2030,5,1.0,1.0,19,24,0.0
1541,UK_OCGT,UK_Balance,2030,5,1.0,1.0,1,6,0.0
1542,UK_OCGT,UK_Balance,2030,5,1.0,1.0,7,12,0.0
1543,UK_OCGT,UK_Balance,2030,5,1.0,1.0,13,18,0.0
1544,UK_OCGT,UK_Balance,2030,5,1.0,1.0,19,24,0.0
1545,UK_Battery,UK_Balance,2030,5,1.0,1.0,1,6,0.0
1546,UK_Battery,UK_Balance,2030,5,1.0,1.0,7,12,0.0
1547,UK_Battery,UK_Balance,2030,5,1.0,1.0,13,18,0.0
1548,UK_Battery,UK_Balance,2030,5,1.0,1.0,19,24,0.0
1549,UK_Balance,UK_Battery,2030,5,1.0,1.0,1,6,0.0
1550,UK_Balance,UK_Battery,2030,5,1.0,1.0,7,12,0.0
1551,UK_Balance,UK_Battery,2030,5,1.0,1.0,13,18,0.0
1552,UK_Balance,UK_Battery,2030,5,1.0,1.0,19,24,0.0
1553,NL_Balance,UK_Balance,2030,5,1.0,1.0,1,6,-1000.0
1554,NL_Balance,UK_Balance,2030,5,1.0,1.0,7,12,-1000.0
1555,NL_Balance,UK_Balance,2030,5,1.0,1.0,13,18,-1000.0
1556,NL_Balance,UK_Balance,2030,5,1.0,1.0,19,24,-1000.0
1557,NL_Balance,BE_Balance,2030,5,1.0,1.0,1,6,-1000.0
1558,NL_Balance,BE_Balance,2030,5,1.0,1.0,7,12,-1000.0
1559,NL_Balance,BE_Balance,2030,5,1.0,1.0,13,18,1000.0
1560,NL_Balance,BE_Balance,2030,5,1.0,1.0,19,24,-1000.0
1561,BE_Balance,DE_Balance,2030,5,1.0,1.0,1,6,-1000.0
1562,BE_Balance,DE_Balance,2030,5,1.0,1.0,7,12,-1000.0
1563,BE_Balance,DE_Balance,2030,5,1.0,1.0,13,18,-1000.0
1564,BE_Balance,DE_Balance,2030,5,1.0,1.0,19,24,-1000.0
1565,BE_Balance,UK_Balance,2030,5,1.0,1.0,1,6,-1000.0
1566,BE_Balance,UK_Balance,2030,5,1.0,1.0,7,12,-1000.0
1567,BE_Balance,UK_Balance,2030,5,1.0,1.0,13,18,-1000.0
1568,BE_Balance,UK_Balance,2030,5,1.0,1.0,19,24,-1000.0
1569,BE_Balance,FR_Balance,2030,5,1.0,1.0,1,6,-1000.0
1570,BE_Balance,FR_Balance,2030,5,1.0,1.0,7,12,-1000.0
1571,BE_Balance,FR_Balance,2030,5,1.0,1.0,13,18,-1000.0
1572,BE_Balance,FR_Balance,2030,5,1.0,1.0,19,24,-606.9628556499249
1573,BE_Balance,LU_Balance,2030,5,1.0,1.0,1,6,0.0
1574,BE_Balance,LU_Balance,2030,5,1.0,1.0,7,12,-1000.0
1575,BE_Balance,LU_Balance,2030,5,1.0,1.0,13,18,-1000.0
1576,BE_Balance,LU_Balance,2030,5,1.0,1.0,19,24,927.8584398153846
1577,DE_Balance,FR_Balance,2030,5,1.0,1.0,1,6,-1000.0
1578,DE_Balance,FR_Balance,2030,5,1.0,1.0,7,12,1000.0
1579,DE_Balance,FR_Balance,2030,5,1.0,1.0,13,18,1000.0
1580,DE_Balance,FR_Balance,2030,5,1.0,1.0,19,24,1000.0
1581,DE_Balance,CH_Balance,2030,5,1.0,1.0,1,6,1000.0
1582,DE_Balance,CH_Balance,2030,5,1.0,1.0,7,12,1000.0
1583,DE_Balance,CH_Balance,2030,5,1.0,1.0,13,18,1000.0
1584,DE_Balance,CH_Balance,2030,5,1.0,1.0,19,24,1000.0
1585,DE_Balance,LU_Balance,2030,5,1.0,1.0,1,6,-159.6552342011538
1586,DE_Balance,LU_Balance,2030,5,1.0,1.0,7,12,936.7789980998461
1587,DE_Balance,LU_Balance,2030,5,1.0,1.0,13,18,1000.0
1588,DE_Balance,LU_Balance,2030,5,1.0,1.0,19,24,1000.0
1589,FR_Balance,CH_Balance,2030,5,1.0,1.0,1,6,1000.0
1590,FR_Balance,CH_Balance,2030,5,1.0,1.0,7,12,1000.0
1591,FR_Balance,CH_Balance,2030,5,1.0,1.0,13,18,1000.0
1592,FR_Balance,CH_Balance,2030,5,1.0,1.0,19,24,1000.0
1593,FR_Balance,LU_Balance,2030,5,1.0,1.0,1,6,1000.0
1594,FR_Balance,LU_Balance,2030,5,1.0,1.0,7,12,1000.0
1595,FR_Balance,LU_Balance,2030,5,1.0,1.0,13,18,941.1150965746153
1596,FR_Balance,LU_Balance,2030,5,1.0,1.0,19,24,-1000.0
1597,DE_Wind_Onshore,DE_Balance,2030,5,1.0,1.0,1,6,60058.45762316867
1598,DE_Wind_Onshore,DE_Balance,2030,5,1.0,1.0,7,12,64516.27048926838
1599,DE_Wind_Onshore,DE_Balance,2030,5,1.0,1.0,13,18,56861.50723056415
1600,DE_Wind_Onshore,DE_Balance,2030,5,1.0,1.0,19,24,68837.77738660568
1601,DE_Nuclear,DE_Balance,2030,5,1.0,1.0,1,6,0.0
1602,DE_Nuclear,DE_Balance,2030,5,1.0,1.0,7,12,0.0
1603,DE_Nuclear,DE_Balance,2030,5,1.0,1.0,13,18,0.0
1604,DE_Nuclear,DE_Balance,2030,5,1.0,1.0,19,24,0.0
1605,LU_Coal,LU_Balance,2030,5,1.0,1.0,1,6,0.0
1606,LU_Coal,LU_Balance,2030,5,1.0,1.0,7,12,0.0
1607,LU_Coal,LU_Balance,2030,5,1.0,1.0,13,18,0.0
1608,LU_Coal,LU_Balance,2030,5,1.0,1.0,19,24,0.0
1609,LU_CCGT,LU_Balance,2030,5,1.0,1.0,1,6,0.0
1610,LU_CCGT,LU_Balance,2030,5,1.0,1.0,7,12,0.0
1611,LU_CCGT,LU_Balance,2030,5,1.0,1.0,13,18,0.0
1612,LU_CCGT,LU_Balance,2030,5,1.0,1.0,19,24,0.0
1613,UK_Wind_Offshore,UK_Balance,2030,5,1.0,1.0,1,6,0.0
1614,UK_Wind_Offshore,UK_Balance,2030,5,1.0,1.0,7,12,0.0
1615,UK_Wind_Offshore,UK_Balance,2030,5,1.0,1.0,13,18,0.0
1616,UK_Wind_Offshore,UK_Balance,2030,5,1.0,1.0,19,24,0.0
1617,UK_Nuclear,UK_Balance,2030,5,1.0,1.0,1,6,0.0
1618,UK_Nuclear,UK_Balance,2030,5,1.0,1.0,7,12,0.0
1619,UK_Nuclear,UK_Balance,2030,5,1.0,1.0,13,18,0.0
1620,UK_Nuclear,UK_Balance,2030,5,1.0,1.0,19,24,0.0
1621,FR_Battery,FR_Balance,2030,5,1.0,1.0,1,6,0.0
1622,FR_Battery,FR_Balance,2030,5,1.0,1.0,7,12,0.0
1623,FR_Battery,FR_Balance,2030,5,1.0,1.0,13,18,0.0
1624,FR_Battery,FR_Balance,2030,5,1.0,1.0,19,24,0.0
1625,FR_Balance,UK_Balance,2030,5,1.0,1.0,1,6,-1000.0
1626,FR_Balance,UK_Balance,2030,5,1.0,1.0,7,12,-1000.0
1627,FR_Balance,UK_Balance,2030,5,1.0,1.0,13,18,613.5858325193258
1628,FR_Balance,UK_Balance,2030,5,1.0,1.0,19,24,-1000.0
1629,NL_Balance,DE_Balance,2030,5,1.0,1.0,1,6,-1000.0
1630,NL_Balance,DE_Balance,2030,5,1.0,1.0,7,12,-1000.0
1631,NL_Balance,DE_Balance,2030,5,1.0,1.0,13,18,-1000.0
1632,NL_Balance,DE_Balance,2030,5,1.0,1.0,19,24,-1000.0
1633,LU_Nuclear,LU_Balance,2030,5,1.0,1.0,1,6,0.0
1634,LU_Nuclear,LU_Balance,2030,5,1.0,1.0,7,12,0.0
1635,LU_Nuclear,LU_Balance,2030,5,1.0,1.0,13,18,0.0
1636,LU_Nuclear,LU_Balance,2030,5,1.0,1.0,19,24,0.0
1637,CH_Coal,CH_Balance,2030,5,1.0,1.0,1,6,0.0
1638,CH_Coal,CH_Balance,2030,5,1.0,1.0,7,12,0.0
1639,CH_Coal,CH_Balance,2030,5,1.0,1.0,13,18,0.0
1640,CH_Coal,CH_Balance,2030,5,1.0,1.0,19,24,0.0
1641,CH_OCGT,CH_Balance,2030,5,1.0,1.0,1,6,0.0
1642,CH_OCGT,CH_Balance,2030,5,1.0,1.0,7,12,0.0
1643,CH_OCGT,CH_Balance,2030,5,1.0,1.0,13,18,0.0
1644,CH_OCGT,CH_Balance,2030,5,1.0,1.0,19,24,0.0
1645,CH_Balance,CH_E_Demand,2030,5,1.0,1.0,1,6,6964.5078600657225
1646,CH_Balance,CH_E_Demand,2030,5,1.0,1.0,7,12,8108.94796361895
1647,CH_Balance,CH_E_Demand,2030,5,1.0,1.0,13,18,7931.112848315316
1648,CH_Balance,CH_E_Demand,2030,5,1.0,1.0,19,24,7592.930582973865
1649,NL_Coal,NL_Balance,2030,5,1.0,1.0,1,6,0.0
1650,NL_Coal,NL_Balance,2030,5,1.0,1.0,7,12,0.0
1651,NL_Coal,NL_Balance,2030,5,1.0,1.0,13,18,0.0
1652,NL_Coal,NL_Balance,2030,5,1.0,1.0,19,24,0.0
1653,BE_Balance,BE_E_Demand,2030,5,1.0,1.0,1,6,9108.701965904958
1654,BE_Balance,BE_E_Demand,2030,5,1.0,1.0,7,12,11327.568794008346
1655,BE_Balance,BE_E_Demand,2030,5,1.0,1.0,13,18,11391.079467312544
1656,BE_Balance,BE_E_Demand,2030,5,1.0,1.0,19,24,11008.207020831182
1657,BE_Solar,BE_Balance,2030,5,1.0,1.0,1,6,0.0
1658,BE_Solar,BE_Balance,2030,5,1.0,1.0,7,12,911.1206956678839
1659,BE_Solar,BE_Balance,2030,5,1.0,1.0,13,18,2450.2905249184614
1660,BE_Solar,BE_Balance,2030,5,1.0,1.0,19,24,17.29259730173075
1661,NL_Balance,NL_E_Demand,2030,6,1.0,1.0,1,6,10824.489314738712
1662,NL_Balance,NL_E_Demand,2030,6,1.0,1.0,7,12,12282.626830686178
1663,NL_Balance,NL_E_Demand,2030,6,1.0,1.0,13,18,12854.097495212403
1664,NL_Balance,NL_E_Demand,2030,6,1.0,1.0,19,24,11746.7344545068
1665,NL_Solar,NL_Balance,2030,6,1.0,1.0,1,6,2.0762409855
1666,NL_Solar,NL_Balance,2030,6,1.0,1.0,7,12,3130.1204082308327
1667,NL_Solar,NL_Balance,2030,6,1.0,1.0,13,18,4752.3484349969995
1668,NL_Solar,NL_Balance,2030,6,1.0,1.0,19,24,333.59957556866635
1669,NL_Wind_Offshore,NL_Balance,2030,6,1.0,1.0,1,6,0.0
1670,NL_Wind_Offshore,NL_Balance,2030,6,1.0,1.0,7,12,0.0
1671,NL_Wind_Offshore,NL_Balance,2030,6,1.0,1.0,13,18,0.0
1672,NL_Wind_Offshore,NL_Balance,2030,6,1.0,1.0,19,24,0.0
1673,NL_Nuclear,NL_Balance,2030,6,1.0,1.0,1,6,9.536743164062504e-07
1674,NL_Nuclear,NL_Balance,2030,6,1.0,1.0,7,12,9.536743164062504e-07
1675,NL_Nuclear,NL_Balance,2030,6,1.0,1.0,13,18,0.0
1676,NL_Nuclear,NL_Balance,2030,6,1.0,1.0,19,24,9.536729521641978e-07
1677,NL_CCGT,NL_Balance,2030,6,1.0,1.0,1,6,0.0
1678,NL_CCGT,NL_Balance,2030,6,1.0,1.0,7,12,0.0
1679,NL_CCGT,NL_Balance,2030,6,1.0,1.0,13,18,0.0
1680,NL_CCGT,NL_Balance,2030,6,1.0,1.0,19,24,0.0
1681,NL_OCGT,NL_Balance,2030,6,1.0,1.0,1,6,0.0
1682,NL_OCGT,NL_Balance,2030,6,1.0,1.0,7,12,0.0
1683,NL_OCGT,NL_Balance,2030,6,1.0,1.0,13,18,0.0
1684,NL_OCGT,NL_Balance,2030,6,1.0,1.0,19,24,0.0
1685,NL_Battery,NL_Balance,2030,6,1.0,1.0,1,6,0.0
1686,NL_Battery,NL_Balance,2030,6,1.0,1.0,7,12,0.0
1687,NL_Battery,NL_Balance,2030,6,1.0,1.0,13,18,0.0
1688,NL_Battery,NL_Balance,2030,6,1.0,1.0,19,24,0.0
1689,BE_Wind_Onshore,BE_Balance,2030,6,1.0,1.0,1,6,4569.219613379052
1690,BE_Wind_Onshore,BE_Balance,2030,6,1.0,1.0,7,12,3965.7835637995545
1691,BE_Wind_Onshore,BE_Balance,2030,6,1.0,1.0,13,18,0.0
1692,BE_Wind_Onshore,BE_Balance,2030,6,1.0,1.0,19,24,5254.169666846397
1693,BE_Wind_Offshore,BE_Balance,2030,6,1.0,1.0,1,6,0.0
1694,BE_Wind_Offshore,BE_Balance,2030,6,1.0,1.0,7,12,0.0
1695,BE_Wind_Offshore,BE_Balance,2030,6,1.0,1.0,13,18,0.0
1696,BE_Wind_Offshore,BE_Balance,2030,6,1.0,1.0,19,24,0.0
1697,BE_Coal,BE_Balance,2030,6,1.0,1.0,1,6,0.0
1698,BE_Coal,BE_Balance,2030,6,1.0,1.0,7,12,0.0
1699,BE_Coal,BE_Balance,2030,6,1.0,1.0,13,18,0.0
1700,BE_Coal,BE_Balance,2030,6,1.0,1.0,19,24,2.384185791015626e-07
1701,BE_Nuclear,BE_Balance,2030,6,1.0,1.0,1,6,0.0
1702,BE_Nuclear,BE_Balance,2030,6,1.0,1.0,7,12,0.0
1703,BE_Nuclear,BE_Balance,2030,6,1.0,1.0,13,18,0.0
1704,BE_Nuclear,BE_Balance,2030,6,1.0,1.0,19,24,0.0
1705,BE_CCGT,BE_Balance,2030,6,1.0,1.0,1,6,0.0
1706,BE_CCGT,BE_Balance,2030,6,1.0,1.0,7,12,0.0
1707,BE_CCGT,BE_Balance,2030,6,1.0,1.0,13,18,0.0
1708,BE_CCGT,BE_Balance,2030,6,1.0,1.0,19,24,0.0
1709,BE_Battery,BE_Balance,2030,6,1.0,1.0,1,6,0.0
1710,BE_Battery,BE_Balance,2030,6,1.0,1.0,7,12,0.1288537655961164
1711,BE_Battery,BE_Balance,2030,6,1.0,1.0,13,18,0.0
1712,BE_Battery,BE_Balance,2030,6,1.0,1.0,19,24,0.1288537655961164
1713,BE_Balance,BE_Battery,2030,6,1.0,1.0,1,6,0.12885376559611644
1714,BE_Balance,BE_Battery,2030,6,1.0,1.0,7,12,0.0
1715,BE_Balance,BE_Battery,2030,6,1.0,1.0,13,18,0.1288537655961164
1716,BE_Balance,BE_Battery,2030,6,1.0,1.0,19,24,0.0
1717,DE_Balance,DE_E_Demand,2030,6,1.0,1.0,1,6,40833.75341266007
1718,DE_Balance,DE_E_Demand,2030,6,1.0,1.0,7,12,50948.86246731008
1719,DE_Balance,DE_E_Demand,2030,6,1.0,1.0,13,18,50435.894800945476
1720,DE_Balance,DE_E_Demand,2030,6,1.0,1.0,19,24,43081.06940952934
1721,DE_Solar,DE_Balance,2030,6,1.0,1.0,1,6,98.35525136249976
1722,DE_Solar,DE_Balance,2030,6,1.0,1.0,7,12,31238.294473462494
1723,DE_Solar,DE_Balance,2030,6,1.0,1.0,13,18,39804.8287195125
1724,DE_Solar,DE_Balance,2030,6,1.0,1.0,19,24,2082.338201024998
1725,DE_Wind_Onshore,DE_Balance,2030,6,1.0,1.0,1,6,43259.006899577354
1726,DE_Wind_Onshore,DE_Balance,2030,6,1.0,1.0,7,12,24710.567993847584
1727,DE_Wind_Onshore,DE_Balance,2030,6,1.0,1.0,13,18,12456.374199394633
1728,DE_Wind_Onshore,DE_Balance,2030,6,1.0,1.0,19,24,43589.37093012145
1729,DE_Wind_Offshore,DE_Balance,2030,6,1.0,1.0,1,6,0.0
1730,DE_Wind_Offshore,DE_Balance,2030,6,1.0,1.0,7,12,0.0
1731,DE_Wind_Offshore,DE_Balance,2030,6,1.0,1.0,13,18,0.0
1732,DE_Wind_Offshore,DE_Balance,2030,6,1.0,1.0,19,24,0.0
1733,DE_Coal,DE_Balance,2030,6,1.0,1.0,1,6,0.0
1734,DE_Coal,DE_Balance,2030,6,1.0,1.0,7,12,0.0
1735,DE_Coal,DE_Balance,2030,6,1.0,1.0,13,18,0.0
1736,DE_Coal,DE_Balance,2030,6,1.0,1.0,19,24,0.0
1737,DE_Nuclear,DE_Balance,2030,6,1.0,1.0,1,6,0.0
1738,DE_Nuclear,DE_Balance,2030,6,1.0,1.0,7,12,0.0
1739,DE_Nuclear,DE_Balance,2030,6,1.0,1.0,13,18,0.0
1740,DE_Nuclear,DE_Balance,2030,6,1.0,1.0,19,24,0.0
1741,DE_CCGT,DE_Balance,2030,6,1.0,1.0,1,6,0.0
1742,DE_CCGT,DE_Balance,2030,6,1.0,1.0,7,12,0.0
1743,DE_CCGT,DE_Balance,2030,6,1.0,1.0,13,18,0.0
1744,DE_CCGT,DE_Balance,2030,6,1.0,1.0,19,24,0.0
1745,DE_OCGT,DE_Balance,2030,6,1.0,1.0,1,6,0.0
1746,DE_OCGT,DE_Balance,2030,6,1.0,1.0,7,12,0.0
1747,DE_OCGT,DE_Balance,2030,6,1.0,1.0,13,18,0.0
1748,DE_OCGT,DE_Balance,2030,6,1.0,1.0,19,24,0.0
1749,DE_Battery,DE_Balance,2030,6,1.0,1.0,1,6,0.0
1750,DE_Battery,DE_Balance,2030,6,1.0,1.0,7,12,0.0
1751,DE_Battery,DE_Balance,2030,6,1.0,1.0,13,18,0.0
1752,DE_Battery,DE_Balance,2030,6,1.0,1.0,19,24,0.0
1753,DE_Balance,DE_Battery,2030,6,1.0,1.0,1,6,0.0
1754,DE_Balance,DE_Battery,2030,6,1.0,1.0,7,12,0.0
1755,DE_Balance,DE_Battery,2030,6,1.0,1.0,13,18,0.0
1756,DE_Balance,DE_Battery,2030,6,1.0,1.0,19,24,0.0
1757,FR_Solar,FR_Balance,2030,6,1.0,1.0,1,6,0.04564000000000001
1758,FR_Solar,FR_Balance,2030,6,1.0,1.0,7,12,9108.216035718
1759,FR_Solar,FR_Balance,2030,6,1.0,1.0,13,18,14818.009839311999
1760,FR_Solar,FR_Balance,2030,6,1.0,1.0,19,24,1178.4341588079992
1761,FR_Wind_Onshore,FR_Balance,2030,6,1.0,1.0,1,6,42618.303971379246
1762,FR_Wind_Onshore,FR_Balance,2030,6,1.0,1.0,7,12,38855.38299203213
1763,FR_Wind_Onshore,FR_Balance,2030,6,1.0,1.0,13,18,33368.806461305096
1764,FR_Wind_Onshore,FR_Balance,2030,6,1.0,1.0,19,24,50751.89271960876
1765,FR_Wind_Offshore,FR_Balance,2030,6,1.0,1.0,1,6,0.0
1766,FR_Wind_Offshore,FR_Balance,2030,6,1.0,1.0,7,12,0.0
1767,FR_Wind_Offshore,FR_Balance,2030,6,1.0,1.0,13,18,0.0
1768,FR_Wind_Offshore,FR_Balance,2030,6,1.0,1.0,19,24,0.0
1769,FR_Coal,FR_Balance,2030,6,1.0,1.0,1,6,0.0
1770,FR_Coal,FR_Balance,2030,6,1.0,1.0,7,12,0.0
1771,FR_Coal,FR_Balance,2030,6,1.0,1.0,13,18,0.0
1772,FR_Coal,FR_Balance,2030,6,1.0,1.0,19,24,0.0
1773,FR_Nuclear,FR_Balance,2030,6,1.0,1.0,1,6,0.0
1774,FR_Nuclear,FR_Balance,2030,6,1.0,1.0,7,12,0.0
1775,FR_Nuclear,FR_Balance,2030,6,1.0,1.0,13,18,0.0
1776,FR_Nuclear,FR_Balance,2030,6,1.0,1.0,19,24,0.0
1777,FR_CCGT,FR_Balance,2030,6,1.0,1.0,1,6,0.0
1778,FR_CCGT,FR_Balance,2030,6,1.0,1.0,7,12,0.0
1779,FR_CCGT,FR_Balance,2030,6,1.0,1.0,13,18,0.0
1780,FR_CCGT,FR_Balance,2030,6,1.0,1.0,19,24,0.0
1781,FR_OCGT,FR_Balance,2030,6,1.0,1.0,1,6,0.0
1782,FR_OCGT,FR_Balance,2030,6,1.0,1.0,7,12,0.0
1783,FR_OCGT,FR_Balance,2030,6,1.0,1.0,13,18,0.0
1784,FR_OCGT,FR_Balance,2030,6,1.0,1.0,19,24,0.0
1785,FR_Battery,FR_Balance,2030,6,1.0,1.0,1,6,0.0
1786,FR_Battery,FR_Balance,2030,6,1.0,1.0,7,12,0.0
1787,FR_Battery,FR_Balance,2030,6,1.0,1.0,13,18,0.0
1788,FR_Battery,FR_Balance,2030,6,1.0,1.0,19,24,0.0
1789,FR_Balance,FR_Battery,2030,6,1.0,1.0,1,6,0.0
1790,FR_Balance,FR_Battery,2030,6,1.0,1.0,7,12,0.0
1791,FR_Balance,FR_Battery,2030,6,1.0,1.0,13,18,0.0
1792,FR_Balance,FR_Battery,2030,6,1.0,1.0,19,24,0.0
1793,LU_Balance,LU_E_Demand,2030,6,1.0,1.0,1,6,523.6087382797778
1794,LU_Balance,LU_E_Demand,2030,6,1.0,1.0,7,12,623.5463885528889
1795,LU_Balance,LU_E_Demand,2030,6,1.0,1.0,13,18,639.0844437324444
1796,LU_Balance,LU_E_Demand,2030,6,1.0,1.0,19,24,590.639721617111
1797,LU_Solar,LU_Balance,2030,6,1.0,1.0,1,6,0.0
1798,LU_Solar,LU_Balance,2030,6,1.0,1.0,7,12,0.0
1799,LU_Solar,LU_Balance,2030,6,1.0,1.0,13,18,0.0
1800,LU_Solar,LU_Balance,2030,6,1.0,1.0,19,24,0.0
1801,LU_Wind_Onshore,LU_Balance,2030,6,1.0,1.0,1,6,0.0
1802,LU_Wind_Onshore,LU_Balance,2030,6,1.0,1.0,7,12,0.0
1803,LU_Wind_Onshore,LU_Balance,2030,6,1.0,1.0,13,18,0.0
1804,LU_Wind_Onshore,LU_Balance,2030,6,1.0,1.0,19,24,0.0
1805,LU_Wind_Offshore,LU_Balance,2030,6,1.0,1.0,1,6,0.0
1806,LU_Wind_Offshore,LU_Balance,2030,6,1.0,1.0,7,12,0.0
1807,LU_Wind_Offshore,LU_Balance,2030,6,1.0,1.0,13,18,0.0
1808,LU_Wind_Offshore,LU_Balance,2030,6,1.0,1.0,19,24,0.0
1809,LU_Coal,LU_Balance,2030,6,1.0,1.0,1,6,0.0
1810,LU_Coal,LU_Balance,2030,6,1.0,1.0,7,12,0.0
1811,LU_Coal,LU_Balance,2030,6,1.0,1.0,13,18,0.0
1812,LU_Coal,LU_Balance,2030,6,1.0,1.0,19,24,0.0
1813,LU_Nuclear,LU_Balance,2030,6,1.0,1.0,1,6,0.0
1814,LU_Nuclear,LU_Balance,2030,6,1.0,1.0,7,12,0.0
1815,LU_Nuclear,LU_Balance,2030,6,1.0,1.0,13,18,0.0
1816,LU_Nuclear,LU_Balance,2030,6,1.0,1.0,19,24,0.0
1817,LU_CCGT,LU_Balance,2030,6,1.0,1.0,1,6,0.0
1818,LU_CCGT,LU_Balance,2030,6,1.0,1.0,7,12,0.0
1819,LU_CCGT,LU_Balance,2030,6,1.0,1.0,13,18,0.0
1820,LU_CCGT,LU_Balance,2030,6,1.0,1.0,19,24,0.0
1821,LU_Battery,LU_Balance,2030,6,1.0,1.0,1,6,0.0
1822,LU_Battery,LU_Balance,2030,6,1.0,1.0,7,12,0.0
1823,LU_Battery,LU_Balance,2030,6,1.0,1.0,13,18,0.0
1824,LU_Battery,LU_Balance,2030,6,1.0,1.0,19,24,0.0
1825,CH_Balance,CH_E_Demand,2030,6,1.0,1.0,1,6,5206.235408430278
1826,CH_Balance,CH_E_Demand,2030,6,1.0,1.0,7,12,6084.994587348583
1827,CH_Balance,CH_E_Demand,2030,6,1.0,1.0,13,18,5835.086607586695
1828,CH_Balance,CH_E_Demand,2030,6,1.0,1.0,19,24,5462.7886288464715
1829,CH_Solar,CH_Balance,2030,6,1.0,1.0,1,6,0.11358978950000002
1830,CH_Solar,CH_Balance,2030,6,1.0,1.0,7,12,2336.804943497333
1831,CH_Solar,CH_Balance,2030,6,1.0,1.0,13,18,3493.4393001136664
1832,CH_Solar,CH_Balance,2030,6,1.0,1.0,19,24,194.10219064766642
1833,CH_Wind_Onshore,CH_Balance,2030,6,1.0,1.0,1,6,3687.927319635831
1834,CH_Wind_Onshore,CH_Balance,2030,6,1.0,1.0,7,12,1266.3841428561968
1835,CH_Wind_Onshore,CH_Balance,2030,6,1.0,1.0,13,18,341.64730747302883
1836,CH_Wind_Onshore,CH_Balance,2030,6,1.0,1.0,19,24,3268.6864381988053
1837,CH_Wind_Offshore,CH_Balance,2030,6,1.0,1.0,1,6,0.0
1838,CH_Wind_Offshore,CH_Balance,2030,6,1.0,1.0,7,12,0.0
1839,CH_Wind_Offshore,CH_Balance,2030,6,1.0,1.0,13,18,0.0
1840,CH_Wind_Offshore,CH_Balance,2030,6,1.0,1.0,19,24,0.0
1841,CH_Coal,CH_Balance,2030,6,1.0,1.0,1,6,0.0
1842,CH_Coal,CH_Balance,2030,6,1.0,1.0,7,12,0.0
1843,CH_Coal,CH_Balance,2030,6,1.0,1.0,13,18,0.0
1844,CH_Coal,CH_Balance,2030,6,1.0,1.0,19,24,0.0
1845,CH_Nuclear,CH_Balance,2030,6,1.0,1.0,1,6,0.0
1846,CH_Nuclear,CH_Balance,2030,6,1.0,1.0,7,12,0.0
1847,CH_Nuclear,CH_Balance,2030,6,1.0,1.0,13,18,0.0
1848,CH_Nuclear,CH_Balance,2030,6,1.0,1.0,19,24,0.0
1849,CH_CCGT,CH_Balance,2030,6,1.0,1.0,1,6,0.0
1850,CH_CCGT,CH_Balance,2030,6,1.0,1.0,7,12,0.0
1851,CH_CCGT,CH_Balance,2030,6,1.0,1.0,13,18,0.0
1852,CH_CCGT,CH_Balance,2030,6,1.0,1.0,19,24,0.0
1853,CH_OCGT,CH_Balance,2030,6,1.0,1.0,1,6,0.0
1854,CH_OCGT,CH_Balance,2030,6,1.0,1.0,7,12,0.0
1855,CH_OCGT,CH_Balance,2030,6,1.0,1.0,13,18,0.0
1856,CH_OCGT,CH_Balance,2030,6,1.0,1.0,19,24,0.0
1857,UK_Balance,UK_E_Demand,2030,6,1.0,1.0,1,6,23192.907997210514
1858,UK_Balance,UK_E_Demand,2030,6,1.0,1.0,7,12,34221.469088790676
1859,UK_Balance,UK_E_Demand,2030,6,1.0,1.0,13,18,36095.40720631689
1860,UK_Balance,UK_E_Demand,2030,6,1.0,1.0,19,24,32985.308194274076
1861,UK_Solar,UK_Balance,2030,6,1.0,1.0,1,6,0.00012851033333333335
1862,UK_Solar,UK_Balance,2030,6,1.0,1.0,7,12,4.211743229333333
1863,UK_Solar,UK_Balance,2030,6,1.0,1.0,13,18,7.390121634833333
1864,UK_Solar,UK_Balance,2030,6,1.0,1.0,19,24,0.7973756651666661
1865,UK_Wind_Onshore,UK_Balance,2030,6,1.0,1.0,1,6,26192.907868700182
1866,UK_Wind_Onshore,UK_Balance,2030,6,1.0,1.0,7,12,33727.67902351563
1867,UK_Wind_Onshore,UK_Balance,2030,6,1.0,1.0,13,18,37088.01708468206
1868,UK_Wind_Onshore,UK_Balance,2030,6,1.0,1.0,19,24,35984.510818608906
1869,UK_Nuclear,UK_Balance,2030,6,1.0,1.0,1,6,0.0
1870,UK_Nuclear,UK_Balance,2030,6,1.0,1.0,7,12,0.0
1871,UK_Nuclear,UK_Balance,2030,6,1.0,1.0,13,18,0.0
1872,UK_Nuclear,UK_Balance,2030,6,1.0,1.0,19,24,0.0
1873,UK_CCGT,UK_Balance,2030,6,1.0,1.0,1,6,0.0
1874,UK_CCGT,UK_Balance,2030,6,1.0,1.0,7,12,0.0
1875,UK_CCGT,UK_Balance,2030,6,1.0,1.0,13,18,0.0
1876,UK_CCGT,UK_Balance,2030,6,1.0,1.0,19,24,0.0
1877,UK_OCGT,UK_Balance,2030,6,1.0,1.0,1,6,0.0
1878,UK_OCGT,UK_Balance,2030,6,1.0,1.0,7,12,0.0
1879,UK_OCGT,UK_Balance,2030,6,1.0,1.0,13,18,0.0
1880,UK_OCGT,UK_Balance,2030,6,1.0,1.0,19,24,0.0
1881,UK_Battery,UK_Balance,2030,6,1.0,1.0,1,6,0.0
1882,UK_Battery,UK_Balance,2030,6,1.0,1.0,7,12,0.0
1883,UK_Battery,UK_Balance,2030,6,1.0,1.0,13,18,0.0
1884,UK_Battery,UK_Balance,2030,6,1.0,1.0,19,24,0.0
1885,UK_Balance,UK_Battery,2030,6,1.0,1.0,1,6,0.0
1886,UK_Balance,UK_Battery,2030,6,1.0,1.0,7,12,0.0
1887,UK_Balance,UK_Battery,2030,6,1.0,1.0,13,18,0.0
1888,UK_Balance,UK_Battery,2030,6,1.0,1.0,19,24,0.0
1889,NL_Balance,DE_Balance,2030,6,1.0,1.0,1,6,-1000.0
1890,NL_Balance,DE_Balance,2030,6,1.0,1.0,7,12,-1000.0
1891,NL_Balance,DE_Balance,2030,6,1.0,1.0,13,18,-186.22367422921363
1892,NL_Balance,DE_Balance,2030,6,1.0,1.0,19,24,-1000.0
1893,NL_Balance,BE_Balance,2030,6,1.0,1.0,1,6,-1000.0
1894,NL_Balance,BE_Balance,2030,6,1.0,1.0,7,12,-1000.0
1895,NL_Balance,BE_Balance,2030,6,1.0,1.0,13,18,-801.2771569572695
1896,NL_Balance,BE_Balance,2030,6,1.0,1.0,19,24,-568.7618537314116
1897,BE_Balance,DE_Balance,2030,6,1.0,1.0,1,6,-1000.0
1898,BE_Balance,DE_Balance,2030,6,1.0,1.0,7,12,-1000.0
1899,BE_Balance,DE_Balance,2030,6,1.0,1.0,13,18,-1000.0
1900,BE_Balance,DE_Balance,2030,6,1.0,1.0,19,24,-1000.0
1901,BE_Balance,UK_Balance,2030,6,1.0,1.0,1,6,-1000.0
1902,BE_Balance,UK_Balance,2030,6,1.0,1.0,7,12,489.5783220457194
1903,BE_Balance,UK_Balance,2030,6,1.0,1.0,13,18,-1000.0
1904,BE_Balance,UK_Balance,2030,6,1.0,1.0,19,24,-1000.0
1905,BE_Balance,FR_Balance,2030,6,1.0,1.0,1,6,-1000.0
1906,BE_Balance,FR_Balance,2030,6,1.0,1.0,7,12,-1000.0
1907,BE_Balance,FR_Balance,2030,6,1.0,1.0,13,18,-1000.0
1908,BE_Balance,FR_Balance,2030,6,1.0,1.0,19,24,-1000.0
1909,BE_Balance,LU_Balance,2030,6,1.0,1.0,1,6,-1000.0
1910,BE_Balance,LU_Balance,2030,6,1.0,1.0,7,12,-1000.0
1911,BE_Balance,LU_Balance,2030,6,1.0,1.0,13,18,-1000.0
1912,BE_Balance,LU_Balance,2030,6,1.0,1.0,19,24,-1000.0
1913,DE_Balance,FR_Balance,2030,6,1.0,1.0,1,6,-1000.0
1914,DE_Balance,FR_Balance,2030,6,1.0,1.0,7,12,1000.0
1915,DE_Balance,FR_Balance,2030,6,1.0,1.0,13,18,-1000.0
1916,DE_Balance,FR_Balance,2030,6,1.0,1.0,19,24,-1000.0
1917,DE_Balance,LU_Balance,2030,6,1.0,1.0,1,6,523.6087382797778
1918,DE_Balance,LU_Balance,2030,6,1.0,1.0,7,12,1000.0
1919,DE_Balance,LU_Balance,2030,6,1.0,1.0,13,18,639.0844437324445
1920,DE_Balance,LU_Balance,2030,6,1.0,1.0,19,24,590.639721617111
1921,FR_Balance,UK_Balance,2030,6,1.0,1.0,1,6,-1000.0
1922,FR_Balance,UK_Balance,2030,6,1.0,1.0,7,12,1000.0
1923,FR_Balance,UK_Balance,2030,6,1.0,1.0,13,18,1000.0
1924,FR_Balance,UK_Balance,2030,6,1.0,1.0,19,24,-1000.0
1925,FR_Balance,CH_Balance,2030,6,1.0,1.0,1,6,1000.0
1926,FR_Balance,CH_Balance,2030,6,1.0,1.0,7,12,1000.0
1927,FR_Balance,CH_Balance,2030,6,1.0,1.0,13,18,1000.0
1928,FR_Balance,CH_Balance,2030,6,1.0,1.0,19,24,1000.0
1929,FR_Balance,LU_Balance,2030,6,1.0,1.0,1,6,1000.0
1930,FR_Balance,LU_Balance,2030,6,1.0,1.0,7,12,623.5463885528889
1931,FR_Balance,LU_Balance,2030,6,1.0,1.0,13,18,1000.0
1932,FR_Balance,LU_Balance,2030,6,1.0,1.0,19,24,1000.0
1933,CH_Battery,CH_Balance,2030,6,1.0,1.0,1,6,0.0
1934,CH_Battery,CH_Balance,2030,6,1.0,1.0,7,12,481.8055009950531
1935,CH_Battery,CH_Balance,2030,6,1.0,1.0,13,18,0.0
1936,CH_Battery,CH_Balance,2030,6,1.0,1.0,19,24,0.0
1937,CH_Balance,CH_Battery,2030,6,1.0,1.0,1,6,481.8055009950531
1938,CH_Balance,CH_Battery,2030,6,1.0,1.0,7,12,0.0
1939,CH_Balance,CH_Battery,2030,6,1.0,1.0,13,18,0.0
1940,CH_Balance,CH_Battery,2030,6,1.0,1.0,19,24,0.0
1941,UK_Coal,UK_Balance,2030,6,1.0,1.0,1,6,0.0
1942,UK_Coal,UK_Balance,2030,6,1.0,1.0,7,12,0.0
1943,UK_Coal,UK_Balance,2030,6,1.0,1.0,13,18,0.0
1944,UK_Coal,UK_Balance,2030,6,1.0,1.0,19,24,0.0
1945,NL_Balance,UK_Balance,2030,6,1.0,1.0,1,6,-1000.0
1946,NL_Balance,UK_Balance,2030,6,1.0,1.0,7,12,-1000.0
1947,NL_Balance,UK_Balance,2030,6,1.0,1.0,13,18,-1000.0
1948,NL_Balance,UK_Balance,2030,6,1.0,1.0,19,24,-1000.0
1949,NL_Balance,NL_Battery,2030,6,1.0,1.0,1,6,0.0
1950,NL_Balance,NL_Battery,2030,6,1.0,1.0,7,12,0.0
1951,NL_Balance,NL_Battery,2030,6,1.0,1.0,13,18,0.0
1952,NL_Balance,NL_Battery,2030,6,1.0,1.0,19,24,0.0
1953,DE_Balance,CH_Balance,2030,6,1.0,1.0,1,6,1000.0
1954,DE_Balance,CH_Balance,2030,6,1.0,1.0,7,12,1000.0
1955,DE_Balance,CH_Balance,2030,6,1.0,1.0,13,18,1000.0
1956,DE_Balance,CH_Balance,2030,6,1.0,1.0,19,24,1000.0
1957,NL_Wind_Onshore,NL_Balance,2030,6,1.0,1.0,1,6,5628.782572430261
1958,NL_Wind_Onshore,NL_Balance,2030,6,1.0,1.0,7,12,4395.832025198992
1959,NL_Wind_Onshore,NL_Balance,2030,6,1.0,1.0,13,18,6114.248229028921
1960,NL_Wind_Onshore,NL_Balance,2030,6,1.0,1.0,19,24,5949.20249251256
1961,BE_OCGT,BE_Balance,2030,6,1.0,1.0,1,6,0.0
1962,BE_OCGT,BE_Balance,2030,6,1.0,1.0,7,12,0.0
1963,BE_OCGT,BE_Balance,2030,6,1.0,1.0,13,18,0.0
1964,BE_OCGT,BE_Balance,2030,6,1.0,1.0,19,24,0.0
1965,LU_Balance,LU_Battery,2030,6,1.0,1.0,1,6,0.0
1966,LU_Balance,LU_Battery,2030,6,1.0,1.0,7,12,0.0
1967,LU_Balance,LU_Battery,2030,6,1.0,1.0,13,18,0.0
1968,LU_Balance,LU_Battery,2030,6,1.0,1.0,19,24,0.0
1969,UK_Wind_Offshore,UK_Balance,2030,6,1.0,1.0,1,6,0.0
1970,UK_Wind_Offshore,UK_Balance,2030,6,1.0,1.0,7,12,0.0
1971,UK_Wind_Offshore,UK_Balance,2030,6,1.0,1.0,13,18,0.0
1972,UK_Wind_Offshore,UK_Balance,2030,6,1.0,1.0,19,24,0.0
1973,FR_Balance,FR_E_Demand,2030,6,1.0,1.0,1,6,39618.34961137924
1974,FR_Balance,FR_E_Demand,2030,6,1.0,1.0,7,12,45340.052639197245
1975,FR_Balance,FR_E_Demand,2030,6,1.0,1.0,13,18,43186.816300617094
1976,FR_Balance,FR_E_Demand,2030,6,1.0,1.0,19,24,48930.32687841676
1977,LU_OCGT,LU_Balance,2030,6,1.0,1.0,1,6,0.0
1978,LU_OCGT,LU_Balance,2030,6,1.0,1.0,7,12,0.0
1979,LU_OCGT,LU_Balance,2030,6,1.0,1.0,13,18,0.0
1980,LU_OCGT,LU_Balance,2030,6,1.0,1.0,19,24,0.0
1981,NL_Coal,NL_Balance,2030,6,1.0,1.0,1,6,2193.6305003692764
1982,NL_Coal,NL_Balance,2030,6,1.0,1.0,7,12,1756.6743963026802
1983,NL_Coal,NL_Balance,2030,6,1.0,1.0,13,18,0.0
1984,NL_Coal,NL_Balance,2030,6,1.0,1.0,19,24,2895.170531740489
1985,BE_Balance,BE_E_Demand,2030,6,1.0,1.0,1,6,7569.449805133456
1986,BE_Balance,BE_E_Demand,2030,6,1.0,1.0,7,12,9394.496475237764
1987,BE_Balance,BE_E_Demand,2030,6,1.0,1.0,13,18,9493.443942697133
1988,BE_Balance,BE_E_Demand,2030,6,1.0,1.0,19,24,9130.615047042334
1989,BE_Solar,BE_Balance,2030,6,1.0,1.0,1,6,0.35904551999999995
1990,BE_Solar,BE_Balance,2030,6,1.0,1.0,7,12,3918.1623797183324
1991,BE_Solar,BE_Balance,2030,6,1.0,1.0,13,18,6294.849953419999
1992,BE_Solar,BE_Balance,2030,6,1.0,1.0,19,24,445.0783799233329
1993,NL_Balance,NL_E_Demand,2030,7,1.0,1.0,1,6,13075.67059046151
1994,NL_Balance,NL_E_Demand,2030,7,1.0,1.0,7,12,15008.565574983137
1995,NL_Balance,NL_E_Demand,2030,7,1.0,1.0,13,18,15492.357110902984
1996,NL_Balance,NL_E_Demand,2030,7,1.0,1.0,19,24,14054.484279644541
1997,NL_Wind_Offshore,NL_Balance,2030,7,1.0,1.0,1,6,0.0
1998,NL_Wind_Offshore,NL_Balance,2030,7,1.0,1.0,7,12,0.0
1999,NL_Wind_Offshore,NL_Balance,2030,7,1.0,1.0,13,18,0.0
2000,NL_Wind_Offshore,NL_Balance,2030,7,1.0,1.0,19,24,0.0
2001,NL_Nuclear,NL_Balance,2030,7,1.0,1.0,1,6,9.536743164062504e-07
2002,NL_Nuclear,NL_Balance,2030,7,1.0,1.0,7,12,9.536724974168469e-07
2003,NL_Nuclear,NL_Balance,2030,7,1.0,1.0,13,18,9.536743164062504e-07
2004,NL_Nuclear,NL_Balance,2030,7,1.0,1.0,19,24,9.536743164062504e-07
2005,NL_CCGT,NL_Balance,2030,7,1.0,1.0,1,6,1721.3610524145995
2006,NL_CCGT,NL_Balance,2030,7,1.0,1.0,7,12,4998.0
2007,NL_CCGT,NL_Balance,2030,7,1.0,1.0,13,18,4918.817308921744
2008,NL_CCGT,NL_Balance,2030,7,1.0,1.0,19,24,4110.028803168473
2009,NL_Battery,NL_Balance,2030,7,1.0,1.0,1,6,0.0
2010,NL_Battery,NL_Balance,2030,7,1.0,1.0,7,12,0.0
2011,NL_Battery,NL_Balance,2030,7,1.0,1.0,13,18,0.0
2012,NL_Battery,NL_Balance,2030,7,1.0,1.0,19,24,0.0
2013,NL_Balance,NL_Battery,2030,7,1.0,1.0,1,6,0.0
2014,NL_Balance,NL_Battery,2030,7,1.0,1.0,7,12,0.0
2015,NL_Balance,NL_Battery,2030,7,1.0,1.0,13,18,0.0
2016,NL_Balance,NL_Battery,2030,7,1.0,1.0,19,24,0.0
2017,BE_Wind_Onshore,BE_Balance,2030,7,1.0,1.0,1,6,5664.7195825561175
2018,BE_Wind_Onshore,BE_Balance,2030,7,1.0,1.0,7,12,3934.858001817482
2019,BE_Wind_Onshore,BE_Balance,2030,7,1.0,1.0,13,18,3638.7343463418147
2020,BE_Wind_Onshore,BE_Balance,2030,7,1.0,1.0,19,24,6683.49731273394
2021,BE_Wind_Offshore,BE_Balance,2030,7,1.0,1.0,1,6,0.0
2022,BE_Wind_Offshore,BE_Balance,2030,7,1.0,1.0,7,12,0.0
2023,BE_Wind_Offshore,BE_Balance,2030,7,1.0,1.0,13,18,0.0
2024,BE_Wind_Offshore,BE_Balance,2030,7,1.0,1.0,19,24,0.0
2025,BE_CCGT,BE_Balance,2030,7,1.0,1.0,1,6,0.0
2026,BE_CCGT,BE_Balance,2030,7,1.0,1.0,7,12,0.0
2027,BE_CCGT,BE_Balance,2030,7,1.0,1.0,13,18,0.0
2028,BE_CCGT,BE_Balance,2030,7,1.0,1.0,19,24,0.0
2029,BE_Balance,BE_Battery,2030,7,1.0,1.0,1,6,0.12885376559611644
2030,BE_Balance,BE_Battery,2030,7,1.0,1.0,7,12,0.0
2031,BE_Balance,BE_Battery,2030,7,1.0,1.0,13,18,0.1288537655961164
2032,BE_Balance,BE_Battery,2030,7,1.0,1.0,19,24,0.0
2033,DE_Solar,DE_Balance,2030,7,1.0,1.0,1,6,0.0
2034,DE_Solar,DE_Balance,2030,7,1.0,1.0,7,12,27410.65234285743
2035,DE_Solar,DE_Balance,2030,7,1.0,1.0,13,18,42410.6125886554
2036,DE_Solar,DE_Balance,2030,7,1.0,1.0,19,24,478.14714172702503
2037,DE_Wind_Offshore,DE_Balance,2030,7,1.0,1.0,1,6,0.0
2038,DE_Wind_Offshore,DE_Balance,2030,7,1.0,1.0,7,12,0.0
2039,DE_Wind_Offshore,DE_Balance,2030,7,1.0,1.0,13,18,0.0
2040,DE_Wind_Offshore,DE_Balance,2030,7,1.0,1.0,19,24,0.0
2041,DE_Coal,DE_Balance,2030,7,1.0,1.0,1,6,0.0
2042,DE_Coal,DE_Balance,2030,7,1.0,1.0,7,12,0.0
2043,DE_Coal,DE_Balance,2030,7,1.0,1.0,13,18,0.0
2044,DE_Coal,DE_Balance,2030,7,1.0,1.0,19,24,2.384185791015626e-07
2045,DE_Nuclear,DE_Balance,2030,7,1.0,1.0,1,6,0.0
2046,DE_Nuclear,DE_Balance,2030,7,1.0,1.0,7,12,0.0
2047,DE_Nuclear,DE_Balance,2030,7,1.0,1.0,13,18,0.0
2048,DE_Nuclear,DE_Balance,2030,7,1.0,1.0,19,24,9.537029654893563e-07
2049,DE_CCGT,DE_Balance,2030,7,1.0,1.0,1,6,0.0
2050,DE_CCGT,DE_Balance,2030,7,1.0,1.0,7,12,0.0
2051,DE_CCGT,DE_Balance,2030,7,1.0,1.0,13,18,0.0
2052,DE_CCGT,DE_Balance,2030,7,1.0,1.0,19,24,0.0
2053,DE_OCGT,DE_Balance,2030,7,1.0,1.0,1,6,0.0
2054,DE_OCGT,DE_Balance,2030,7,1.0,1.0,7,12,0.0
2055,DE_OCGT,DE_Balance,2030,7,1.0,1.0,13,18,0.0
2056,DE_OCGT,DE_Balance,2030,7,1.0,1.0,19,24,0.0
2057,DE_Battery,DE_Balance,2030,7,1.0,1.0,1,6,0.0
2058,DE_Battery,DE_Balance,2030,7,1.0,1.0,7,12,0.0
2059,DE_Battery,DE_Balance,2030,7,1.0,1.0,13,18,0.0
2060,DE_Battery,DE_Balance,2030,7,1.0,1.0,19,24,0.6016761825740105
2061,DE_Balance,DE_Battery,2030,7,1.0,1.0,1,6,0.6016761825740105
2062,DE_Balance,DE_Battery,2030,7,1.0,1.0,7,12,0.0
2063,DE_Balance,DE_Battery,2030,7,1.0,1.0,13,18,0.0
2064,DE_Balance,DE_Battery,2030,7,1.0,1.0,19,24,0.0
2065,FR_Balance,FR_E_Demand,2030,7,1.0,1.0,1,6,48344.4610190195
2066,FR_Balance,FR_E_Demand,2030,7,1.0,1.0,7,12,55097.24297720273
2067,FR_Balance,FR_E_Demand,2030,7,1.0,1.0,13,18,50864.0117163112
2068,FR_Balance,FR_E_Demand,2030,7,1.0,1.0,19,24,58677.54182815863
2069,FR_Wind_Onshore,FR_Balance,2030,7,1.0,1.0,1,6,41577.47745638042
2070,FR_Wind_Onshore,FR_Balance,2030,7,1.0,1.0,7,12,33385.816682005345
2071,FR_Wind_Onshore,FR_Balance,2030,7,1.0,1.0,13,18,26744.052786283188
2072,FR_Wind_Onshore,FR_Balance,2030,7,1.0,1.0,19,24,42850.36183647459
2073,FR_Coal,FR_Balance,2030,7,1.0,1.0,1,6,2.384185791015626e-07
2074,FR_Coal,FR_Balance,2030,7,1.0,1.0,7,12,2.384185791015626e-07
2075,FR_Coal,FR_Balance,2030,7,1.0,1.0,13,18,2.384185791015626e-07
2076,FR_Coal,FR_Balance,2030,7,1.0,1.0,19,24,2.384185791015626e-07
2077,FR_Nuclear,FR_Balance,2030,7,1.0,1.0,1,6,9.536743164062504e-07
2078,FR_Nuclear,FR_Balance,2030,7,1.0,1.0,7,12,9.536743164062504e-07
2079,FR_Nuclear,FR_Balance,2030,7,1.0,1.0,13,18,9.536743164062504e-07
2080,FR_Nuclear,FR_Balance,2030,7,1.0,1.0,19,24,9.536743164062504e-07
2081,FR_CCGT,FR_Balance,2030,7,1.0,1.0,1,6,1785.0
2082,FR_CCGT,FR_Balance,2030,7,1.0,1.0,7,12,1785.0
2083,FR_CCGT,FR_Balance,2030,7,1.0,1.0,13,18,1785.0
2084,FR_CCGT,FR_Balance,2030,7,1.0,1.0,19,24,1785.0
2085,FR_Battery,FR_Balance,2030,7,1.0,1.0,1,6,0.0
2086,FR_Battery,FR_Balance,2030,7,1.0,1.0,7,12,0.5783955594482783
2087,FR_Battery,FR_Balance,2030,7,1.0,1.0,13,18,0.0
2088,FR_Battery,FR_Balance,2030,7,1.0,1.0,19,24,0.5783955594482783
2089,FR_Balance,FR_Battery,2030,7,1.0,1.0,1,6,0.5783955594482781
2090,FR_Balance,FR_Battery,2030,7,1.0,1.0,7,12,0.5783955594482783
2091,FR_Balance,FR_Battery,2030,7,1.0,1.0,13,18,0.0
2092,FR_Balance,FR_Battery,2030,7,1.0,1.0,19,24,0.0
2093,LU_Balance,LU_E_Demand,2030,7,1.0,1.0,1,6,738.1440251596757
2094,LU_Balance,LU_E_Demand,2030,7,1.0,1.0,7,12,844.2402414112432
2095,LU_Balance,LU_E_Demand,2030,7,1.0,1.0,13,18,831.9716979265947
2096,LU_Balance,LU_E_Demand,2030,7,1.0,1.0,19,24,807.3380173228109
2097,LU_Solar,LU_Balance,2030,7,1.0,1.0,1,6,0.0
2098,LU_Solar,LU_Balance,2030,7,1.0,1.0,7,12,0.0
2099,LU_Solar,LU_Balance,2030,7,1.0,1.0,13,18,0.0
2100,LU_Solar,LU_Balance,2030,7,1.0,1.0,19,24,0.0
2101,LU_Wind_Onshore,LU_Balance,2030,7,1.0,1.0,1,6,0.0
2102,LU_Wind_Onshore,LU_Balance,2030,7,1.0,1.0,7,12,0.0
2103,LU_Wind_Onshore,LU_Balance,2030,7,1.0,1.0,13,18,0.0
2104,LU_Wind_Onshore,LU_Balance,2030,7,1.0,1.0,19,24,0.0
2105,LU_Wind_Offshore,LU_Balance,2030,7,1.0,1.0,1,6,0.0
2106,LU_Wind_Offshore,LU_Balance,2030,7,1.0,1.0,7,12,0.0
2107,LU_Wind_Offshore,LU_Balance,2030,7,1.0,1.0,13,18,0.0
2108,LU_Wind_Offshore,LU_Balance,2030,7,1.0,1.0,19,24,0.0
2109,LU_Coal,LU_Balance,2030,7,1.0,1.0,1,6,1738.1440242060014
2110,LU_Coal,LU_Balance,2030,7,1.0,1.0,7,12,1844.240240457569
2111,LU_Coal,LU_Balance,2030,7,1.0,1.0,13,18,1831.9716969729204
2112,LU_Coal,LU_Balance,2030,7,1.0,1.0,19,24,3296.0
2113,LU_Nuclear,LU_Balance,2030,7,1.0,1.0,1,6,9.536743164062504e-07
2114,LU_Nuclear,LU_Balance,2030,7,1.0,1.0,7,12,9.536743164062504e-07
2115,LU_Nuclear,LU_Balance,2030,7,1.0,1.0,13,18,9.536743164062504e-07
2116,LU_Nuclear,LU_Balance,2030,7,1.0,1.0,19,24,9.536743164062504e-07
2117,LU_CCGT,LU_Balance,2030,7,1.0,1.0,1,6,0.0
2118,LU_CCGT,LU_Balance,2030,7,1.0,1.0,7,12,0.0
2119,LU_CCGT,LU_Balance,2030,7,1.0,1.0,13,18,0.0
2120,LU_CCGT,LU_Balance,2030,7,1.0,1.0,19,24,0.0
2121,LU_Battery,LU_Balance,2030,7,1.0,1.0,1,6,0.0
2122,LU_Battery,LU_Balance,2030,7,1.0,1.0,7,12,0.0
2123,LU_Battery,LU_Balance,2030,7,1.0,1.0,13,18,0.0
2124,LU_Battery,LU_Balance,2030,7,1.0,1.0,19,24,0.0
2125,CH_Balance,CH_E_Demand,2030,7,1.0,1.0,1,6,6382.211765153514
2126,CH_Balance,CH_E_Demand,2030,7,1.0,1.0,7,12,7514.614849899134
2127,CH_Balance,CH_E_Demand,2030,7,1.0,1.0,13,18,7130.51383594939
2128,CH_Balance,CH_E_Demand,2030,7,1.0,1.0,19,24,6697.270994318364
2129,CH_Solar,CH_Balance,2030,7,1.0,1.0,1,6,0.0
2130,CH_Solar,CH_Balance,2030,7,1.0,1.0,7,12,2512.3820747524865
2131,CH_Solar,CH_Balance,2030,7,1.0,1.0,13,18,4489.207137287189
2132,CH_Solar,CH_Balance,2030,7,1.0,1.0,19,24,66.7060477667025
2133,CH_Wind_Onshore,CH_Balance,2030,7,1.0,1.0,1,6,2650.6389568451077
2134,CH_Wind_Onshore,CH_Balance,2030,7,1.0,1.0,7,12,1200.054493034737
2135,CH_Wind_Onshore,CH_Balance,2030,7,1.0,1.0,13,18,1636.0409482041066
2136,CH_Wind_Onshore,CH_Balance,2030,7,1.0,1.0,19,24,4004.8102481011706
2137,CH_Wind_Offshore,CH_Balance,2030,7,1.0,1.0,1,6,0.0
2138,CH_Wind_Offshore,CH_Balance,2030,7,1.0,1.0,7,12,0.0
2139,CH_Wind_Offshore,CH_Balance,2030,7,1.0,1.0,13,18,0.0
2140,CH_Wind_Offshore,CH_Balance,2030,7,1.0,1.0,19,24,0.0
2141,CH_Coal,CH_Balance,2030,7,1.0,1.0,1,6,0.0
2142,CH_Coal,CH_Balance,2030,7,1.0,1.0,7,12,0.0
2143,CH_Coal,CH_Balance,2030,7,1.0,1.0,13,18,0.0
2144,CH_Coal,CH_Balance,2030,7,1.0,1.0,19,24,0.0
2145,CH_Nuclear,CH_Balance,2030,7,1.0,1.0,1,6,0.0
2146,CH_Nuclear,CH_Balance,2030,7,1.0,1.0,7,12,0.0
2147,CH_Nuclear,CH_Balance,2030,7,1.0,1.0,13,18,0.0
2148,CH_Nuclear,CH_Balance,2030,7,1.0,1.0,19,24,0.0
2149,CH_CCGT,CH_Balance,2030,7,1.0,1.0,1,6,2142.0
2150,CH_CCGT,CH_Balance,2030,7,1.0,1.0,7,12,2142.0
2151,CH_CCGT,CH_Balance,2030,7,1.0,1.0,13,18,1487.0712514531479
2152,CH_CCGT,CH_Balance,2030,7,1.0,1.0,19,24,2142.0
2153,CH_OCGT,CH_Balance,2030,7,1.0,1.0,1,6,0.0
2154,CH_OCGT,CH_Balance,2030,7,1.0,1.0,7,12,0.0
2155,CH_OCGT,CH_Balance,2030,7,1.0,1.0,13,18,0.0
2156,CH_OCGT,CH_Balance,2030,7,1.0,1.0,19,24,0.0
2157,CH_Battery,CH_Balance,2030,7,1.0,1.0,1,6,0.0
2158,CH_Battery,CH_Balance,2030,7,1.0,1.0,7,12,410.4271916915941
2159,CH_Battery,CH_Balance,2030,7,1.0,1.0,13,18,0.0
2160,CH_Battery,CH_Balance,2030,7,1.0,1.0,19,24,481.8055009950531
2161,CH_Balance,CH_Battery,2030,7,1.0,1.0,1,6,410.4271916915941
2162,CH_Balance,CH_Battery,2030,7,1.0,1.0,7,12,0.0
2163,CH_Balance,CH_Battery,2030,7,1.0,1.0,13,18,481.8055009950531
2164,CH_Balance,CH_Battery,2030,7,1.0,1.0,19,24,0.0
2165,UK_Balance,UK_E_Demand,2030,7,1.0,1.0,1,6,26246.136864894772
2166,UK_Balance,UK_E_Demand,2030,7,1.0,1.0,7,12,38549.97628321946
2167,UK_Balance,UK_E_Demand,2030,7,1.0,1.0,13,18,41133.993438905156
2168,UK_Balance,UK_E_Demand,2030,7,1.0,1.0,19,24,38751.528780176646
2169,UK_Solar,UK_Balance,2030,7,1.0,1.0,1,6,0.0
2170,UK_Solar,UK_Balance,2030,7,1.0,1.0,7,12,2.6775530485135133
2171,UK_Solar,UK_Balance,2030,7,1.0,1.0,13,18,6.377995612864865
2172,UK_Solar,UK_Balance,2030,7,1.0,1.0,19,24,0.2972915420270262
2173,UK_Wind_Onshore,UK_Balance,2030,7,1.0,1.0,1,6,29246.136864894772
2174,UK_Wind_Onshore,UK_Balance,2030,7,1.0,1.0,7,12,31464.043222440374
2175,UK_Wind_Onshore,UK_Balance,2030,7,1.0,1.0,13,18,30769.37911356167
2176,UK_Wind_Onshore,UK_Balance,2030,7,1.0,1.0,19,24,34053.027095213445
2177,UK_Wind_Offshore,UK_Balance,2030,7,1.0,1.0,1,6,0.0
2178,UK_Wind_Offshore,UK_Balance,2030,7,1.0,1.0,7,12,0.0
2179,UK_Wind_Offshore,UK_Balance,2030,7,1.0,1.0,13,18,0.0
2180,UK_Wind_Offshore,UK_Balance,2030,7,1.0,1.0,19,24,0.0
2181,UK_Coal,UK_Balance,2030,7,1.0,1.0,1,6,0.0
2182,UK_Coal,UK_Balance,2030,7,1.0,1.0,7,12,4120.0
2183,UK_Coal,UK_Balance,2030,7,1.0,1.0,13,18,4120.0
2184,UK_Coal,UK_Balance,2030,7,1.0,1.0,19,24,4120.0
2185,UK_Nuclear,UK_Balance,2030,7,1.0,1.0,1,6,0.0
2186,UK_Nuclear,UK_Balance,2030,7,1.0,1.0,7,12,9.536743164062504e-07
2187,UK_Nuclear,UK_Balance,2030,7,1.0,1.0,13,18,9.536743164062504e-07
2188,UK_Nuclear,UK_Balance,2030,7,1.0,1.0,19,24,9.536743164062504e-07
2189,UK_CCGT,UK_Balance,2030,7,1.0,1.0,1,6,0.0
2190,UK_CCGT,UK_Balance,2030,7,1.0,1.0,7,12,4284.0
2191,UK_CCGT,UK_Balance,2030,7,1.0,1.0,13,18,4284.0
2192,UK_CCGT,UK_Balance,2030,7,1.0,1.0,19,24,3578.2043924675
2193,UK_OCGT,UK_Balance,2030,7,1.0,1.0,1,6,0.0
2194,UK_OCGT,UK_Balance,2030,7,1.0,1.0,7,12,0.0
2195,UK_OCGT,UK_Balance,2030,7,1.0,1.0,13,18,0.0
2196,UK_OCGT,UK_Balance,2030,7,1.0,1.0,19,24,0.0
2197,UK_Battery,UK_Balance,2030,7,1.0,1.0,1,6,0.0
2198,UK_Battery,UK_Balance,2030,7,1.0,1.0,7,12,0.0
2199,UK_Battery,UK_Balance,2030,7,1.0,1.0,13,18,0.0
2200,UK_Battery,UK_Balance,2030,7,1.0,1.0,19,24,0.0
2201,UK_Balance,UK_Battery,2030,7,1.0,1.0,1,6,0.0
2202,UK_Balance,UK_Battery,2030,7,1.0,1.0,7,12,0.0
2203,UK_Balance,UK_Battery,2030,7,1.0,1.0,13,18,0.0
2204,UK_Balance,UK_Battery,2030,7,1.0,1.0,19,24,0.0
2205,NL_Balance,DE_Balance,2030,7,1.0,1.0,1,6,-1000.0
2206,NL_Balance,DE_Balance,2030,7,1.0,1.0,7,12,-1000.0
2207,NL_Balance,DE_Balance,2030,7,1.0,1.0,13,18,-1000.0
2208,NL_Balance,DE_Balance,2030,7,1.0,1.0,19,24,161.22915773017752
2209,NL_Balance,UK_Balance,2030,7,1.0,1.0,1,6,-1000.0
2210,NL_Balance,UK_Balance,2030,7,1.0,1.0,7,12,679.2555067768993
2211,NL_Balance,UK_Balance,2030,7,1.0,1.0,13,18,1000.0
2212,NL_Balance,UK_Balance,2030,7,1.0,1.0,19,24,-1000.0
2213,NL_Balance,BE_Balance,2030,7,1.0,1.0,1,6,1000.0
2214,NL_Balance,BE_Balance,2030,7,1.0,1.0,7,12,961.3443370725698
2215,NL_Balance,BE_Balance,2030,7,1.0,1.0,13,18,1000.0
2216,NL_Balance,BE_Balance,2030,7,1.0,1.0,19,24,1000.0
2217,BE_Balance,DE_Balance,2030,7,1.0,1.0,1,6,-1000.0
2218,BE_Balance,DE_Balance,2030,7,1.0,1.0,7,12,-1000.0
2219,BE_Balance,DE_Balance,2030,7,1.0,1.0,13,18,-1000.0
2220,BE_Balance,DE_Balance,2030,7,1.0,1.0,19,24,-1000.0
2221,BE_Balance,FR_Balance,2030,7,1.0,1.0,1,6,993.6517925981392
2222,BE_Balance,FR_Balance,2030,7,1.0,1.0,7,12,178.91148516643625
2223,BE_Balance,FR_Balance,2030,7,1.0,1.0,13,18,967.9211300856504
2224,BE_Balance,FR_Balance,2030,7,1.0,1.0,19,24,313.23790326977337
2225,DE_Balance,FR_Balance,2030,7,1.0,1.0,1,6,1000.0
2226,DE_Balance,FR_Balance,2030,7,1.0,1.0,7,12,1000.0
2227,DE_Balance,FR_Balance,2030,7,1.0,1.0,13,18,1000.0
2228,DE_Balance,FR_Balance,2030,7,1.0,1.0,19,24,1000.0
2229,DE_Balance,CH_Balance,2030,7,1.0,1.0,1,6,1000.0
2230,DE_Balance,CH_Balance,2030,7,1.0,1.0,7,12,1000.0
2231,DE_Balance,CH_Balance,2030,7,1.0,1.0,13,18,1000.0
2232,DE_Balance,CH_Balance,2030,7,1.0,1.0,19,24,1000.0
2233,DE_Balance,LU_Balance,2030,7,1.0,1.0,1,6,1000.0
2234,DE_Balance,LU_Balance,2030,7,1.0,1.0,7,12,1000.0
2235,DE_Balance,LU_Balance,2030,7,1.0,1.0,13,18,1000.0
2236,DE_Balance,LU_Balance,2030,7,1.0,1.0,19,24,-488.66198363086346
2237,FR_Balance,UK_Balance,2030,7,1.0,1.0,1,6,-1000.0
2238,FR_Balance,UK_Balance,2030,7,1.0,1.0,7,12,-1000.0
2239,FR_Balance,UK_Balance,2030,7,1.0,1.0,13,18,-45.76367122305349
2240,FR_Balance,UK_Balance,2030,7,1.0,1.0,19,24,-1000.0
2241,FR_Balance,CH_Balance,2030,7,1.0,1.0,1,6,1000.0
2242,FR_Balance,CH_Balance,2030,7,1.0,1.0,7,12,249.7510904203159
2243,FR_Balance,CH_Balance,2030,7,1.0,1.0,13,18,-1000.0
2244,FR_Balance,CH_Balance,2030,7,1.0,1.0,19,24,-998.050802544563
2245,FR_Balance,LU_Balance,2030,7,1.0,1.0,1,6,-1000.0
2246,FR_Balance,LU_Balance,2030,7,1.0,1.0,7,12,-1000.0
2247,FR_Balance,LU_Balance,2030,7,1.0,1.0,13,18,-1000.0
2248,FR_Balance,LU_Balance,2030,7,1.0,1.0,19,24,-1000.0
2249,NL_Solar,NL_Balance,2030,7,1.0,1.0,1,6,0.0
2250,NL_Solar,NL_Balance,2030,7,1.0,1.0,7,12,2313.7021627644326
2251,NL_Solar,NL_Balance,2030,7,1.0,1.0,13,18,4384.645486166919
2252,NL_Solar,NL_Balance,2030,7,1.0,1.0,19,24,92.47208412875648
2253,NL_OCGT,NL_Balance,2030,7,1.0,1.0,1,6,0.0
2254,NL_OCGT,NL_Balance,2030,7,1.0,1.0,7,12,0.0
2255,NL_OCGT,NL_Balance,2030,7,1.0,1.0,13,18,0.0
2256,NL_OCGT,NL_Balance,2030,7,1.0,1.0,19,24,0.0
2257,BE_Coal,BE_Balance,2030,7,1.0,1.0,1,6,2.384185791015626e-07
2258,BE_Coal,BE_Balance,2030,7,1.0,1.0,7,12,2.384185791015626e-07
2259,BE_Coal,BE_Balance,2030,7,1.0,1.0,13,18,2.384185791015626e-07
2260,BE_Coal,BE_Balance,2030,7,1.0,1.0,19,24,2.384185791015626e-07
2261,BE_Nuclear,BE_Balance,2030,7,1.0,1.0,1,6,0.0
2262,BE_Nuclear,BE_Balance,2030,7,1.0,1.0,7,12,0.0
2263,BE_Nuclear,BE_Balance,2030,7,1.0,1.0,13,18,0.0
2264,BE_Nuclear,BE_Balance,2030,7,1.0,1.0,19,24,0.0
2265,BE_Battery,BE_Balance,2030,7,1.0,1.0,1,6,0.0
2266,BE_Battery,BE_Balance,2030,7,1.0,1.0,7,12,0.1288537655961164
2267,BE_Battery,BE_Balance,2030,7,1.0,1.0,13,18,0.0
2268,BE_Battery,BE_Balance,2030,7,1.0,1.0,19,24,0.1288537655961164
2269,DE_Wind_Onshore,DE_Balance,2030,7,1.0,1.0,1,6,60172.474892400016
2270,DE_Wind_Onshore,DE_Balance,2030,7,1.0,1.0,7,12,42917.77695041722
2271,DE_Wind_Onshore,DE_Balance,2030,7,1.0,1.0,13,18,27006.845617668812
2272,DE_Wind_Onshore,DE_Balance,2030,7,1.0,1.0,19,24,59524.23736533292
2273,FR_Solar,FR_Balance,2030,7,1.0,1.0,1,6,0.0
2274,FR_Solar,FR_Balance,2030,7,1.0,1.0,7,12,7717.150200915243
2275,FR_Solar,FR_Balance,2030,7,1.0,1.0,13,18,15798.148783833405
2276,FR_Solar,FR_Balance,2030,7,1.0,1.0,19,24,448.3128891181616
2277,FR_Wind_Offshore,FR_Balance,2030,7,1.0,1.0,1,6,0.0
2278,FR_Wind_Offshore,FR_Balance,2030,7,1.0,1.0,7,12,0.0
2279,FR_Wind_Offshore,FR_Balance,2030,7,1.0,1.0,13,18,0.0
2280,FR_Wind_Offshore,FR_Balance,2030,7,1.0,1.0,19,24,0.0
2281,FR_OCGT,FR_Balance,2030,7,1.0,1.0,1,6,1988.9101644083012
2282,FR_OCGT,FR_Balance,2030,7,1.0,1.0,7,12,9280.11569834393
2283,FR_OCGT,FR_Balance,2030,7,1.0,1.0,13,18,2523.125343693812
2284,FR_OCGT,FR_Balance,2030,7,1.0,1.0,19,24,9282.0
2285,LU_Balance,LU_Battery,2030,7,1.0,1.0,1,6,0.0
2286,LU_Balance,LU_Battery,2030,7,1.0,1.0,7,12,0.0
2287,LU_Balance,LU_Battery,2030,7,1.0,1.0,13,18,0.0
2288,LU_Balance,LU_Battery,2030,7,1.0,1.0,19,24,0.0
2289,BE_Balance,UK_Balance,2030,7,1.0,1.0,1,6,-1000.0
2290,BE_Balance,UK_Balance,2030,7,1.0,1.0,7,12,-1000.0
2291,BE_Balance,UK_Balance,2030,7,1.0,1.0,13,18,1000.0
2292,BE_Balance,UK_Balance,2030,7,1.0,1.0,19,24,-1000.0
2293,BE_Balance,LU_Balance,2030,7,1.0,1.0,1,6,-1000.0
2294,BE_Balance,LU_Balance,2030,7,1.0,1.0,7,12,-1000.0
2295,BE_Balance,LU_Balance,2030,7,1.0,1.0,13,18,-1000.0
2296,BE_Balance,LU_Balance,2030,7,1.0,1.0,19,24,-1000.0
2297,LU_OCGT,LU_Balance,2030,7,1.0,1.0,1,6,0.0
2298,LU_OCGT,LU_Balance,2030,7,1.0,1.0,7,12,0.0
2299,LU_OCGT,LU_Balance,2030,7,1.0,1.0,13,18,0.0
2300,LU_OCGT,LU_Balance,2030,7,1.0,1.0,19,24,0.0
2301,NL_Wind_Onshore,NL_Balance,2030,7,1.0,1.0,1,6,7058.309537093236
2302,NL_Wind_Onshore,NL_Balance,2030,7,1.0,1.0,7,12,5041.463255114499
2303,NL_Wind_Onshore,NL_Balance,2030,7,1.0,1.0,13,18,3892.8943148606445
2304,NL_Wind_Onshore,NL_Balance,2030,7,1.0,1.0,19,24,6717.212549123815
2305,DE_Balance,DE_E_Demand,2030,7,1.0,1.0,1,6,55171.87321621744
2306,DE_Balance,DE_E_Demand,2030,7,1.0,1.0,7,12,65328.429293274654
2307,DE_Balance,DE_E_Demand,2030,7,1.0,1.0,13,18,64417.45820632421
2308,DE_Balance,DE_E_Demand,2030,7,1.0,1.0,19,24,57652.87732579568
2309,BE_OCGT,BE_Balance,2030,7,1.0,1.0,1,6,0.0
2310,BE_OCGT,BE_Balance,2030,7,1.0,1.0,7,12,0.0
2311,BE_OCGT,BE_Balance,2030,7,1.0,1.0,13,18,0.0
2312,BE_OCGT,BE_Balance,2030,7,1.0,1.0,19,24,0.0
2313,BE_Balance,BE_E_Demand,2030,7,1.0,1.0,1,6,8670.9389364308
2314,BE_Balance,BE_E_Demand,2030,7,1.0,1.0,7,12,10900.36562949736
2315,BE_Balance,BE_E_Demand,2030,7,1.0,1.0,13,18,10835.493453525742
2316,BE_Balance,BE_E_Demand,2030,7,1.0,1.0,19,24,10507.809514608722
2317,BE_Solar,BE_Balance,2030,7,1.0,1.0,1,6,0.0
2318,BE_Solar,BE_Balance,2030,7,1.0,1.0,7,12,3182.9459217697304
2319,BE_Solar,BE_Balance,2030,7,1.0,1.0,13,18,6164.809090796755
2320,BE_Solar,BE_Balance,2030,7,1.0,1.0,19,24,137.4212511405404
2321,NL_Coal,NL_Balance,2030,7,1.0,1.0,1,6,3296.0
2322,NL_Coal,NL_Balance,2030,7,1.0,1.0,7,12,3296.0
2323,NL_Coal,NL_Balance,2030,7,1.0,1.0,13,18,3296.0
2324,NL_Coal,NL_Balance,2030,7,1.0,1.0,19,24,3296.0
2325,NL_Balance,NL_E_Demand,2030,8,1.0,1.0,1,6,11128.69450863303
2326,NL_Balance,NL_E_Demand,2030,8,1.0,1.0,7,12,12888.908912901377
2327,NL_Balance,NL_E_Demand,2030,8,1.0,1.0,13,18,13448.453956703072
2328,NL_Balance,NL_E_Demand,2030,8,1.0,1.0,19,24,12021.210825892982
2329,NL_Solar,NL_Balance,2030,8,1.0,1.0,1,6,2.6433155410644606
2330,NL_Solar,NL_Balance,2030,8,1.0,1.0,7,12,3071.5159598812256
2331,NL_Solar,NL_Balance,2030,8,1.0,1.0,13,18,4572.3479485178705
2332,NL_Solar,NL_Balance,2030,8,1.0,1.0,19,24,311.4810160053867
2333,NL_Wind_Offshore,NL_Balance,2030,8,1.0,1.0,1,6,0.0
2334,NL_Wind_Offshore,NL_Balance,2030,8,1.0,1.0,7,12,0.0
2335,NL_Wind_Offshore,NL_Balance,2030,8,1.0,1.0,13,18,0.0
2336,NL_Wind_Offshore,NL_Balance,2030,8,1.0,1.0,19,24,0.0
2337,NL_Nuclear,NL_Balance,2030,8,1.0,1.0,1,6,0.0
2338,NL_Nuclear,NL_Balance,2030,8,1.0,1.0,7,12,0.0
2339,NL_Nuclear,NL_Balance,2030,8,1.0,1.0,13,18,0.0
2340,NL_Nuclear,NL_Balance,2030,8,1.0,1.0,19,24,0.0
2341,NL_CCGT,NL_Balance,2030,8,1.0,1.0,1,6,0.0
2342,NL_CCGT,NL_Balance,2030,8,1.0,1.0,7,12,0.0
2343,NL_CCGT,NL_Balance,2030,8,1.0,1.0,13,18,0.0
2344,NL_CCGT,NL_Balance,2030,8,1.0,1.0,19,24,0.0
2345,NL_OCGT,NL_Balance,2030,8,1.0,1.0,1,6,0.0
2346,NL_OCGT,NL_Balance,2030,8,1.0,1.0,7,12,0.0
2347,NL_OCGT,NL_Balance,2030,8,1.0,1.0,13,18,0.0
2348,NL_OCGT,NL_Balance,2030,8,1.0,1.0,19,24,0.0
2349,NL_Battery,NL_Balance,2030,8,1.0,1.0,1,6,0.0
2350,NL_Battery,NL_Balance,2030,8,1.0,1.0,7,12,0.0
2351,NL_Battery,NL_Balance,2030,8,1.0,1.0,13,18,0.0
2352,NL_Battery,NL_Balance,2030,8,1.0,1.0,19,24,0.0
2353,NL_Balance,NL_Battery,2030,8,1.0,1.0,1,6,0.0
2354,NL_Balance,NL_Battery,2030,8,1.0,1.0,7,12,0.0
2355,NL_Balance,NL_Battery,2030,8,1.0,1.0,13,18,0.0
2356,NL_Balance,NL_Battery,2030,8,1.0,1.0,19,24,0.0
2357,BE_Wind_Onshore,BE_Balance,2030,8,1.0,1.0,1,6,4599.926888858862
2358,BE_Wind_Onshore,BE_Balance,2030,8,1.0,1.0,7,12,508.561616596628
2359,BE_Wind_Onshore,BE_Balance,2030,8,1.0,1.0,13,18,2319.727533398939
2360,BE_Wind_Onshore,BE_Balance,2030,8,1.0,1.0,19,24,5754.61704439301
2361,BE_Wind_Offshore,BE_Balance,2030,8,1.0,1.0,1,6,0.0
2362,BE_Wind_Offshore,BE_Balance,2030,8,1.0,1.0,7,12,0.0
2363,BE_Wind_Offshore,BE_Balance,2030,8,1.0,1.0,13,18,0.0
2364,BE_Wind_Offshore,BE_Balance,2030,8,1.0,1.0,19,24,0.0
2365,BE_Coal,BE_Balance,2030,8,1.0,1.0,1,6,0.0
2366,BE_Coal,BE_Balance,2030,8,1.0,1.0,7,12,0.0
2367,BE_Coal,BE_Balance,2030,8,1.0,1.0,13,18,0.0
2368,BE_Coal,BE_Balance,2030,8,1.0,1.0,19,24,0.0
2369,BE_CCGT,BE_Balance,2030,8,1.0,1.0,1,6,0.0
2370,BE_CCGT,BE_Balance,2030,8,1.0,1.0,7,12,0.0
2371,BE_CCGT,BE_Balance,2030,8,1.0,1.0,13,18,0.0
2372,BE_CCGT,BE_Balance,2030,8,1.0,1.0,19,24,0.0
2373,BE_Battery,BE_Balance,2030,8,1.0,1.0,1,6,0.0
2374,BE_Battery,BE_Balance,2030,8,1.0,1.0,7,12,0.0
2375,BE_Battery,BE_Balance,2030,8,1.0,1.0,13,18,0.1288537655961164
2376,BE_Battery,BE_Balance,2030,8,1.0,1.0,19,24,0.0
2377,BE_Balance,BE_Battery,2030,8,1.0,1.0,1,6,0.12885376559611644
2378,BE_Balance,BE_Battery,2030,8,1.0,1.0,7,12,0.0
2379,BE_Balance,BE_Battery,2030,8,1.0,1.0,13,18,0.0
2380,BE_Balance,BE_Battery,2030,8,1.0,1.0,19,24,0.0
2381,DE_Solar,DE_Balance,2030,8,1.0,1.0,1,6,94.02135991693527
2382,DE_Solar,DE_Balance,2030,8,1.0,1.0,7,12,34700.87727982742
2383,DE_Solar,DE_Balance,2030,8,1.0,1.0,13,18,44150.149077568545
2384,DE_Solar,DE_Balance,2030,8,1.0,1.0,19,24,2102.715983032255
2385,DE_Wind_Onshore,DE_Balance,2030,8,1.0,1.0,1,6,44942.92314749553
2386,DE_Wind_Onshore,DE_Balance,2030,8,1.0,1.0,7,12,23807.74808427786
2387,DE_Wind_Onshore,DE_Balance,2030,8,1.0,1.0,13,18,11860.991440869606
2388,DE_Wind_Onshore,DE_Balance,2030,8,1.0,1.0,19,24,47276.09473814223
2389,DE_Coal,DE_Balance,2030,8,1.0,1.0,1,6,0.0
2390,DE_Coal,DE_Balance,2030,8,1.0,1.0,7,12,0.0
2391,DE_Coal,DE_Balance,2030,8,1.0,1.0,13,18,0.0
2392,DE_Coal,DE_Balance,2030,8,1.0,1.0,19,24,0.0
2393,DE_Nuclear,DE_Balance,2030,8,1.0,1.0,1,6,0.0
2394,DE_Nuclear,DE_Balance,2030,8,1.0,1.0,7,12,0.0
2395,DE_Nuclear,DE_Balance,2030,8,1.0,1.0,13,18,0.0
2396,DE_Nuclear,DE_Balance,2030,8,1.0,1.0,19,24,0.0
2397,DE_CCGT,DE_Balance,2030,8,1.0,1.0,1,6,0.0
2398,DE_CCGT,DE_Balance,2030,8,1.0,1.0,7,12,0.0
2399,DE_CCGT,DE_Balance,2030,8,1.0,1.0,13,18,0.0
2400,DE_CCGT,DE_Balance,2030,8,1.0,1.0,19,24,0.0
2401,DE_OCGT,DE_Balance,2030,8,1.0,1.0,1,6,0.0
2402,DE_OCGT,DE_Balance,2030,8,1.0,1.0,7,12,0.0
2403,DE_OCGT,DE_Balance,2030,8,1.0,1.0,13,18,0.0
2404,DE_OCGT,DE_Balance,2030,8,1.0,1.0,19,24,0.0
2405,DE_Battery,DE_Balance,2030,8,1.0,1.0,1,6,0.0
2406,DE_Battery,DE_Balance,2030,8,1.0,1.0,7,12,0.0
2407,DE_Battery,DE_Balance,2030,8,1.0,1.0,13,18,0.0
2408,DE_Battery,DE_Balance,2030,8,1.0,1.0,19,24,0.0
2409,DE_Balance,DE_Battery,2030,8,1.0,1.0,1,6,0.0
2410,DE_Balance,DE_Battery,2030,8,1.0,1.0,7,12,0.0
2411,DE_Balance,DE_Battery,2030,8,1.0,1.0,13,18,0.0
2412,DE_Balance,DE_Battery,2030,8,1.0,1.0,19,24,0.0
2413,FR_Solar,FR_Balance,2030,8,1.0,1.0,1,6,0.03497517290322581
2414,FR_Solar,FR_Balance,2030,8,1.0,1.0,7,12,9795.708983032257
2415,FR_Solar,FR_Balance,2030,8,1.0,1.0,13,18,16788.556916889676
2416,FR_Solar,FR_Balance,2030,8,1.0,1.0,19,24,1220.4064883415474
2417,FR_Wind_Onshore,FR_Balance,2030,8,1.0,1.0,1,6,42052.37786011824
2418,FR_Wind_Onshore,FR_Balance,2030,8,1.0,1.0,7,12,36669.580793511974
2419,FR_Wind_Onshore,FR_Balance,2030,8,1.0,1.0,13,18,30290.522457702322
2420,FR_Wind_Onshore,FR_Balance,2030,8,1.0,1.0,19,24,48804.392536715626
2421,FR_Wind_Offshore,FR_Balance,2030,8,1.0,1.0,1,6,0.0
2422,FR_Wind_Offshore,FR_Balance,2030,8,1.0,1.0,7,12,0.0
2423,FR_Wind_Offshore,FR_Balance,2030,8,1.0,1.0,13,18,0.0
2424,FR_Wind_Offshore,FR_Balance,2030,8,1.0,1.0,19,24,0.0
2425,FR_Coal,FR_Balance,2030,8,1.0,1.0,1,6,0.0
2426,FR_Coal,FR_Balance,2030,8,1.0,1.0,7,12,0.0
2427,FR_Coal,FR_Balance,2030,8,1.0,1.0,13,18,0.0
2428,FR_Coal,FR_Balance,2030,8,1.0,1.0,19,24,0.0
2429,FR_Nuclear,FR_Balance,2030,8,1.0,1.0,1,6,0.0
2430,FR_Nuclear,FR_Balance,2030,8,1.0,1.0,7,12,0.0
2431,FR_Nuclear,FR_Balance,2030,8,1.0,1.0,13,18,0.0
2432,FR_Nuclear,FR_Balance,2030,8,1.0,1.0,19,24,0.0
2433,FR_CCGT,FR_Balance,2030,8,1.0,1.0,1,6,0.0
2434,FR_CCGT,FR_Balance,2030,8,1.0,1.0,7,12,0.0
2435,FR_CCGT,FR_Balance,2030,8,1.0,1.0,13,18,0.0
2436,FR_CCGT,FR_Balance,2030,8,1.0,1.0,19,24,0.0
2437,FR_Battery,FR_Balance,2030,8,1.0,1.0,1,6,0.0
2438,FR_Battery,FR_Balance,2030,8,1.0,1.0,7,12,0.0
2439,FR_Battery,FR_Balance,2030,8,1.0,1.0,13,18,0.0
2440,FR_Battery,FR_Balance,2030,8,1.0,1.0,19,24,0.0
2441,FR_Balance,FR_Battery,2030,8,1.0,1.0,1,6,0.0
2442,FR_Balance,FR_Battery,2030,8,1.0,1.0,7,12,0.0
2443,FR_Balance,FR_Battery,2030,8,1.0,1.0,13,18,0.0
2444,FR_Balance,FR_Battery,2030,8,1.0,1.0,19,24,0.0
2445,LU_Balance,LU_E_Demand,2030,8,1.0,1.0,1,6,526.0070443796128
2446,LU_Balance,LU_E_Demand,2030,8,1.0,1.0,7,12,652.2000009674838
2447,LU_Balance,LU_E_Demand,2030,8,1.0,1.0,13,18,665.9542498130323
2448,LU_Balance,LU_E_Demand,2030,8,1.0,1.0,19,24,604.2996356027097
2449,LU_Solar,LU_Balance,2030,8,1.0,1.0,1,6,0.0
2450,LU_Solar,LU_Balance,2030,8,1.0,1.0,7,12,0.0
2451,LU_Solar,LU_Balance,2030,8,1.0,1.0,13,18,0.0
2452,LU_Solar,LU_Balance,2030,8,1.0,1.0,19,24,0.0
2453,LU_Wind_Onshore,LU_Balance,2030,8,1.0,1.0,1,6,0.0
2454,LU_Wind_Onshore,LU_Balance,2030,8,1.0,1.0,7,12,0.0
2455,LU_Wind_Onshore,LU_Balance,2030,8,1.0,1.0,13,18,0.0
2456,LU_Wind_Onshore,LU_Balance,2030,8,1.0,1.0,19,24,0.0
2457,LU_Wind_Offshore,LU_Balance,2030,8,1.0,1.0,1,6,0.0
2458,LU_Wind_Offshore,LU_Balance,2030,8,1.0,1.0,7,12,0.0
2459,LU_Wind_Offshore,LU_Balance,2030,8,1.0,1.0,13,18,0.0
2460,LU_Wind_Offshore,LU_Balance,2030,8,1.0,1.0,19,24,0.0
2461,LU_Coal,LU_Balance,2030,8,1.0,1.0,1,6,0.0
2462,LU_Coal,LU_Balance,2030,8,1.0,1.0,7,12,0.0
2463,LU_Coal,LU_Balance,2030,8,1.0,1.0,13,18,0.0
2464,LU_Coal,LU_Balance,2030,8,1.0,1.0,19,24,0.0
2465,LU_Nuclear,LU_Balance,2030,8,1.0,1.0,1,6,0.0
2466,LU_Nuclear,LU_Balance,2030,8,1.0,1.0,7,12,0.0
2467,LU_Nuclear,LU_Balance,2030,8,1.0,1.0,13,18,0.0
2468,LU_Nuclear,LU_Balance,2030,8,1.0,1.0,19,24,0.0
2469,LU_CCGT,LU_Balance,2030,8,1.0,1.0,1,6,0.0
2470,LU_CCGT,LU_Balance,2030,8,1.0,1.0,7,12,0.0
2471,LU_CCGT,LU_Balance,2030,8,1.0,1.0,13,18,0.0
2472,LU_CCGT,LU_Balance,2030,8,1.0,1.0,19,24,0.0
2473,LU_Battery,LU_Balance,2030,8,1.0,1.0,1,6,0.0
2474,LU_Battery,LU_Balance,2030,8,1.0,1.0,7,12,0.0
2475,LU_Battery,LU_Balance,2030,8,1.0,1.0,13,18,0.0
2476,LU_Battery,LU_Balance,2030,8,1.0,1.0,19,24,0.0
2477,CH_Balance,CH_E_Demand,2030,8,1.0,1.0,1,6,5251.2118276476285
2478,CH_Balance,CH_E_Demand,2030,8,1.0,1.0,7,12,6284.339033682758
2479,CH_Balance,CH_E_Demand,2030,8,1.0,1.0,13,18,6011.738331924226
2480,CH_Balance,CH_E_Demand,2030,8,1.0,1.0,19,24,5508.495833099855
2481,CH_Solar,CH_Balance,2030,8,1.0,1.0,1,6,0.29422734270967227
2482,CH_Solar,CH_Balance,2030,8,1.0,1.0,7,12,2972.4322515915483
2483,CH_Solar,CH_Balance,2030,8,1.0,1.0,13,18,4187.867179063645
2484,CH_Solar,CH_Balance,2030,8,1.0,1.0,19,24,211.48444042780642
2485,CH_Wind_Onshore,CH_Balance,2030,8,1.0,1.0,1,6,3250.917600304919
2486,CH_Wind_Onshore,CH_Balance,2030,8,1.0,1.0,7,12,1311.9067820912096
2487,CH_Wind_Onshore,CH_Balance,2030,8,1.0,1.0,13,18,0.0
2488,CH_Wind_Onshore,CH_Balance,2030,8,1.0,1.0,19,24,3297.0113926720487
2489,CH_Wind_Offshore,CH_Balance,2030,8,1.0,1.0,1,6,0.0
2490,CH_Wind_Offshore,CH_Balance,2030,8,1.0,1.0,7,12,0.0
2491,CH_Wind_Offshore,CH_Balance,2030,8,1.0,1.0,13,18,0.0
2492,CH_Wind_Offshore,CH_Balance,2030,8,1.0,1.0,19,24,0.0
2493,CH_Coal,CH_Balance,2030,8,1.0,1.0,1,6,0.0
2494,CH_Coal,CH_Balance,2030,8,1.0,1.0,7,12,0.0
2495,CH_Coal,CH_Balance,2030,8,1.0,1.0,13,18,0.0
2496,CH_Coal,CH_Balance,2030,8,1.0,1.0,19,24,0.0
2497,CH_Nuclear,CH_Balance,2030,8,1.0,1.0,1,6,0.0
2498,CH_Nuclear,CH_Balance,2030,8,1.0,1.0,7,12,0.0
2499,CH_Nuclear,CH_Balance,2030,8,1.0,1.0,13,18,0.0
2500,CH_Nuclear,CH_Balance,2030,8,1.0,1.0,19,24,0.0
2501,CH_CCGT,CH_Balance,2030,8,1.0,1.0,1,6,0.0
2502,CH_CCGT,CH_Balance,2030,8,1.0,1.0,7,12,0.0
2503,CH_CCGT,CH_Balance,2030,8,1.0,1.0,13,18,0.0
2504,CH_CCGT,CH_Balance,2030,8,1.0,1.0,19,24,0.0
2505,CH_OCGT,CH_Balance,2030,8,1.0,1.0,1,6,0.0
2506,CH_OCGT,CH_Balance,2030,8,1.0,1.0,7,12,0.0
2507,CH_OCGT,CH_Balance,2030,8,1.0,1.0,13,18,0.0
2508,CH_OCGT,CH_Balance,2030,8,1.0,1.0,19,24,0.0
2509,CH_Battery,CH_Balance,2030,8,1.0,1.0,1,6,0.0
2510,CH_Battery,CH_Balance,2030,8,1.0,1.0,7,12,481.8055009950531
2511,CH_Battery,CH_Balance,2030,8,1.0,1.0,13,18,0.0
2512,CH_Battery,CH_Balance,2030,8,1.0,1.0,19,24,0.0
2513,UK_Solar,UK_Balance,2030,8,1.0,1.0,1,6,0.00023759177419354838
2514,UK_Solar,UK_Balance,2030,8,1.0,1.0,7,12,4.089417683806451
2515,UK_Solar,UK_Balance,2030,8,1.0,1.0,13,18,8.085276059612902
2516,UK_Solar,UK_Balance,2030,8,1.0,1.0,19,24,0.9332837488064513
2517,UK_Wind_Onshore,UK_Balance,2030,8,1.0,1.0,1,6,26120.693751046503
2518,UK_Wind_Onshore,UK_Balance,2030,8,1.0,1.0,7,12,37388.26762019766
2519,UK_Wind_Onshore,UK_Balance,2030,8,1.0,1.0,13,18,37209.89543308206
2520,UK_Wind_Onshore,UK_Balance,2030,8,1.0,1.0,19,24,36148.82770268577
2521,UK_Wind_Offshore,UK_Balance,2030,8,1.0,1.0,1,6,0.0
2522,UK_Wind_Offshore,UK_Balance,2030,8,1.0,1.0,7,12,0.0
2523,UK_Wind_Offshore,UK_Balance,2030,8,1.0,1.0,13,18,0.0
2524,UK_Wind_Offshore,UK_Balance,2030,8,1.0,1.0,19,24,0.0
2525,UK_Coal,UK_Balance,2030,8,1.0,1.0,1,6,0.0
2526,UK_Coal,UK_Balance,2030,8,1.0,1.0,7,12,0.0
2527,UK_Coal,UK_Balance,2030,8,1.0,1.0,13,18,0.0
2528,UK_Coal,UK_Balance,2030,8,1.0,1.0,19,24,0.0
2529,UK_Nuclear,UK_Balance,2030,8,1.0,1.0,1,6,0.0
2530,UK_Nuclear,UK_Balance,2030,8,1.0,1.0,7,12,0.0
2531,UK_Nuclear,UK_Balance,2030,8,1.0,1.0,13,18,0.0
2532,UK_Nuclear,UK_Balance,2030,8,1.0,1.0,19,24,0.0
2533,UK_CCGT,UK_Balance,2030,8,1.0,1.0,1,6,0.0
2534,UK_CCGT,UK_Balance,2030,8,1.0,1.0,7,12,0.0
2535,UK_CCGT,UK_Balance,2030,8,1.0,1.0,13,18,0.0
2536,UK_CCGT,UK_Balance,2030,8,1.0,1.0,19,24,0.0
2537,UK_OCGT,UK_Balance,2030,8,1.0,1.0,1,6,0.0
2538,UK_OCGT,UK_Balance,2030,8,1.0,1.0,7,12,0.0
2539,UK_OCGT,UK_Balance,2030,8,1.0,1.0,13,18,0.0
2540,UK_OCGT,UK_Balance,2030,8,1.0,1.0,19,24,0.0
2541,UK_Battery,UK_Balance,2030,8,1.0,1.0,1,6,0.0
2542,UK_Battery,UK_Balance,2030,8,1.0,1.0,7,12,0.0
2543,UK_Battery,UK_Balance,2030,8,1.0,1.0,13,18,0.0
2544,UK_Battery,UK_Balance,2030,8,1.0,1.0,19,24,0.0
2545,UK_Balance,UK_Battery,2030,8,1.0,1.0,1,6,0.0
2546,UK_Balance,UK_Battery,2030,8,1.0,1.0,7,12,0.0
2547,UK_Balance,UK_Battery,2030,8,1.0,1.0,13,18,0.0
2548,UK_Balance,UK_Battery,2030,8,1.0,1.0,19,24,0.0
2549,NL_Balance,DE_Balance,2030,8,1.0,1.0,1,6,-1000.0
2550,NL_Balance,DE_Balance,2030,8,1.0,1.0,7,12,-1000.0
2551,NL_Balance,DE_Balance,2030,8,1.0,1.0,13,18,-1000.0
2552,NL_Balance,DE_Balance,2030,8,1.0,1.0,19,24,-1000.0
2553,NL_Balance,BE_Balance,2030,8,1.0,1.0,1,6,-1000.0
2554,NL_Balance,BE_Balance,2030,8,1.0,1.0,7,12,1000.0
2555,NL_Balance,BE_Balance,2030,8,1.0,1.0,13,18,-1000.0
2556,NL_Balance,BE_Balance,2030,8,1.0,1.0,19,24,-1000.0
2557,BE_Balance,DE_Balance,2030,8,1.0,1.0,1,6,-1000.0
2558,BE_Balance,DE_Balance,2030,8,1.0,1.0,7,12,-1000.0
2559,BE_Balance,DE_Balance,2030,8,1.0,1.0,13,18,-1000.0
2560,BE_Balance,DE_Balance,2030,8,1.0,1.0,19,24,-1000.0
2561,BE_Balance,UK_Balance,2030,8,1.0,1.0,1,6,-1000.0
2562,BE_Balance,UK_Balance,2030,8,1.0,1.0,7,12,-1000.0
2563,BE_Balance,UK_Balance,2030,8,1.0,1.0,13,18,-1000.0
2564,BE_Balance,UK_Balance,2030,8,1.0,1.0,19,24,-1000.0
2565,BE_Balance,FR_Balance,2030,8,1.0,1.0,1,6,-1000.0
2566,BE_Balance,FR_Balance,2030,8,1.0,1.0,7,12,-1000.0
2567,BE_Balance,FR_Balance,2030,8,1.0,1.0,13,18,-1000.0
2568,BE_Balance,FR_Balance,2030,8,1.0,1.0,19,24,-1000.0
2569,BE_Balance,LU_Balance,2030,8,1.0,1.0,1,6,-1000.0
2570,BE_Balance,LU_Balance,2030,8,1.0,1.0,7,12,-1000.0
2571,BE_Balance,LU_Balance,2030,8,1.0,1.0,13,18,665.9542498130322
2572,BE_Balance,LU_Balance,2030,8,1.0,1.0,19,24,-1000.0
2573,DE_Balance,FR_Balance,2030,8,1.0,1.0,1,6,-1000.0
2574,DE_Balance,FR_Balance,2030,8,1.0,1.0,7,12,1000.0
2575,DE_Balance,FR_Balance,2030,8,1.0,1.0,13,18,1000.0
2576,DE_Balance,FR_Balance,2030,8,1.0,1.0,19,24,1000.0
2577,DE_Balance,LU_Balance,2030,8,1.0,1.0,1,6,1000.0
2578,DE_Balance,LU_Balance,2030,8,1.0,1.0,7,12,1000.0
2579,DE_Balance,LU_Balance,2030,8,1.0,1.0,13,18,-1000.0
2580,DE_Balance,LU_Balance,2030,8,1.0,1.0,19,24,1000.0
2581,FR_Balance,UK_Balance,2030,8,1.0,1.0,1,6,-1000.0
2582,FR_Balance,UK_Balance,2030,8,1.0,1.0,7,12,-1000.0
2583,FR_Balance,UK_Balance,2030,8,1.0,1.0,13,18,1000.0
2584,FR_Balance,UK_Balance,2030,8,1.0,1.0,19,24,-1000.0
2585,FR_Balance,CH_Balance,2030,8,1.0,1.0,1,6,1000.0
2586,FR_Balance,CH_Balance,2030,8,1.0,1.0,7,12,1000.0
2587,FR_Balance,CH_Balance,2030,8,1.0,1.0,13,18,823.8711528605809
2588,FR_Balance,CH_Balance,2030,8,1.0,1.0,19,24,1000.0
2589,FR_Balance,LU_Balance,2030,8,1.0,1.0,1,6,526.0070443796128
2590,FR_Balance,LU_Balance,2030,8,1.0,1.0,7,12,652.2000009674839
2591,FR_Balance,LU_Balance,2030,8,1.0,1.0,13,18,1000.0
2592,FR_Balance,LU_Balance,2030,8,1.0,1.0,19,24,604.2996356027097
2593,BE_Nuclear,BE_Balance,2030,8,1.0,1.0,1,6,0.0
2594,BE_Nuclear,BE_Balance,2030,8,1.0,1.0,7,12,0.0
2595,BE_Nuclear,BE_Balance,2030,8,1.0,1.0,13,18,0.0
2596,BE_Nuclear,BE_Balance,2030,8,1.0,1.0,19,24,0.0
2597,DE_Balance,DE_E_Demand,2030,8,1.0,1.0,1,6,42036.94450741247
2598,DE_Balance,DE_E_Demand,2030,8,1.0,1.0,7,12,53508.62536410528
2599,DE_Balance,DE_E_Demand,2030,8,1.0,1.0,13,18,53011.14051843815
2600,DE_Balance,DE_E_Demand,2030,8,1.0,1.0,19,24,44378.81072117449
2601,DE_Wind_Offshore,DE_Balance,2030,8,1.0,1.0,1,6,0.0
2602,DE_Wind_Offshore,DE_Balance,2030,8,1.0,1.0,7,12,0.0
2603,DE_Wind_Offshore,DE_Balance,2030,8,1.0,1.0,13,18,0.0
2604,DE_Wind_Offshore,DE_Balance,2030,8,1.0,1.0,19,24,0.0
2605,UK_Balance,UK_E_Demand,2030,8,1.0,1.0,1,6,23120.69398863828
2606,UK_Balance,UK_E_Demand,2030,8,1.0,1.0,7,12,34392.35703788146
2607,UK_Balance,UK_E_Demand,2030,8,1.0,1.0,13,18,36217.98070914167
2608,UK_Balance,UK_E_Demand,2030,8,1.0,1.0,19,24,33149.76098643457
2609,DE_Balance,CH_Balance,2030,8,1.0,1.0,1,6,1000.0
2610,DE_Balance,CH_Balance,2030,8,1.0,1.0,7,12,1000.0
2611,DE_Balance,CH_Balance,2030,8,1.0,1.0,13,18,1000.0
2612,DE_Balance,CH_Balance,2030,8,1.0,1.0,19,24,1000.0
2613,NL_Balance,UK_Balance,2030,8,1.0,1.0,1,6,-1000.0
2614,NL_Balance,UK_Balance,2030,8,1.0,1.0,7,12,-1000.0
2615,NL_Balance,UK_Balance,2030,8,1.0,1.0,13,18,-1000.0
2616,NL_Balance,UK_Balance,2030,8,1.0,1.0,19,24,-1000.0
2617,CH_Balance,CH_Battery,2030,8,1.0,1.0,1,6,0.0
2618,CH_Balance,CH_Battery,2030,8,1.0,1.0,7,12,481.8055009950531
2619,CH_Balance,CH_Battery,2030,8,1.0,1.0,13,18,0.0
2620,CH_Balance,CH_Battery,2030,8,1.0,1.0,19,24,0.0
2621,FR_OCGT,FR_Balance,2030,8,1.0,1.0,1,6,0.0
2622,FR_OCGT,FR_Balance,2030,8,1.0,1.0,7,12,0.0
2623,FR_OCGT,FR_Balance,2030,8,1.0,1.0,13,18,0.0
2624,FR_OCGT,FR_Balance,2030,8,1.0,1.0,19,24,0.0
2625,NL_Wind_Onshore,NL_Balance,2030,8,1.0,1.0,1,6,8126.051193091966
2626,NL_Wind_Onshore,NL_Balance,2030,8,1.0,1.0,7,12,8817.392953020151
2627,NL_Wind_Onshore,NL_Balance,2030,8,1.0,1.0,13,18,5876.106008185201
2628,NL_Wind_Onshore,NL_Balance,2030,8,1.0,1.0,19,24,8709.729809887594
2629,FR_Balance,FR_E_Demand,2030,8,1.0,1.0,1,6,39526.40579091153
2630,FR_Balance,FR_E_Demand,2030,8,1.0,1.0,7,12,45813.08977557675
2631,FR_Balance,FR_E_Demand,2030,8,1.0,1.0,13,18,44255.208221731424
2632,FR_Balance,FR_E_Demand,2030,8,1.0,1.0,19,24,49420.49938945447
2633,LU_Balance,LU_Battery,2030,8,1.0,1.0,1,6,0.0
2634,LU_Balance,LU_Battery,2030,8,1.0,1.0,7,12,0.0
2635,LU_Balance,LU_Battery,2030,8,1.0,1.0,13,18,0.0
2636,LU_Balance,LU_Battery,2030,8,1.0,1.0,19,24,0.0
2637,LU_OCGT,LU_Balance,2030,8,1.0,1.0,1,6,0.0
2638,LU_OCGT,LU_Balance,2030,8,1.0,1.0,7,12,0.0
2639,LU_OCGT,LU_Balance,2030,8,1.0,1.0,13,18,0.0
2640,LU_OCGT,LU_Balance,2030,8,1.0,1.0,19,24,0.0
2641,BE_OCGT,BE_Balance,2030,8,1.0,1.0,1,6,0.0
2642,BE_OCGT,BE_Balance,2030,8,1.0,1.0,7,12,0.0
2643,BE_OCGT,BE_Balance,2030,8,1.0,1.0,13,18,0.0
2644,BE_OCGT,BE_Balance,2030,8,1.0,1.0,19,24,0.0
2645,BE_Balance,BE_E_Demand,2030,8,1.0,1.0,1,6,7600.506397359717
2646,BE_Balance,BE_E_Demand,2030,8,1.0,1.0,7,12,9512.619588356949
2647,BE_Balance,BE_E_Demand,2030,8,1.0,1.0,13,18,9655.754364963117
2648,BE_Balance,BE_E_Demand,2030,8,1.0,1.0,19,24,9174.339351028493
2649,BE_Solar,BE_Balance,2030,8,1.0,1.0,1,6,0.70836226645146
2650,BE_Solar,BE_Balance,2030,8,1.0,1.0,7,12,4004.057971760321
2651,BE_Solar,BE_Balance,2030,8,1.0,1.0,13,18,6001.852227611614
2652,BE_Solar,BE_Balance,2030,8,1.0,1.0,19,24,419.72230663548373
2653,NL_Coal,NL_Balance,2030,8,1.0,1.0,1,6,0.0
2654,NL_Coal,NL_Balance,2030,8,1.0,1.0,7,12,0.0
2655,NL_Coal,NL_Balance,2030,8,1.0,1.0,13,18,0.0
2656,NL_Coal,NL_Balance,2030,8,1.0,1.0,19,24,0.0
2657,NL_Balance,NL_E_Demand,2030,9,1.0,1.0,1,6,11178.891343058222
2658,NL_Balance,NL_E_Demand,2030,9,1.0,1.0,7,12,12829.909388256498
2659,NL_Balance,NL_E_Demand,2030,9,1.0,1.0,13,18,13466.367495088733
2660,NL_Balance,NL_E_Demand,2030,9,1.0,1.0,19,24,11998.761013129722
2661,NL_Solar,NL_Balance,2030,9,1.0,1.0,1,6,0.9556106112557423
2662,NL_Solar,NL_Balance,2030,9,1.0,1.0,7,12,2179.355944278697
2663,NL_Solar,NL_Balance,2030,9,1.0,1.0,13,18,3593.7305361285357
2664,NL_Solar,NL_Balance,2030,9,1.0,1.0,19,24,227.51588938499964
2665,NL_Wind_Onshore,NL_Balance,2030,9,1.0,1.0,1,6,8177.935732446966
2666,NL_Wind_Onshore,NL_Balance,2030,9,1.0,1.0,7,12,9223.641619849817
2667,NL_Wind_Onshore,NL_Balance,2030,9,1.0,1.0,13,18,9356.599527346514
2668,NL_Wind_Onshore,NL_Balance,2030,9,1.0,1.0,19,24,9022.560521464988
2669,NL_Wind_Offshore,NL_Balance,2030,9,1.0,1.0,1,6,0.0
2670,NL_Wind_Offshore,NL_Balance,2030,9,1.0,1.0,7,12,0.0
2671,NL_Wind_Offshore,NL_Balance,2030,9,1.0,1.0,13,18,0.0
2672,NL_Wind_Offshore,NL_Balance,2030,9,1.0,1.0,19,24,0.0
2673,NL_CCGT,NL_Balance,2030,9,1.0,1.0,1,6,0.0
2674,NL_CCGT,NL_Balance,2030,9,1.0,1.0,7,12,0.0
2675,NL_CCGT,NL_Balance,2030,9,1.0,1.0,13,18,0.0
2676,NL_CCGT,NL_Balance,2030,9,1.0,1.0,19,24,0.0
2677,BE_Wind_Onshore,BE_Balance,2030,9,1.0,1.0,1,6,4436.2301015413395
2678,BE_Wind_Onshore,BE_Balance,2030,9,1.0,1.0,7,12,3511.8848101752205
2679,BE_Wind_Onshore,BE_Balance,2030,9,1.0,1.0,13,18,0.0
2680,BE_Wind_Onshore,BE_Balance,2030,9,1.0,1.0,19,24,7335.584691051409
2681,BE_Wind_Offshore,BE_Balance,2030,9,1.0,1.0,1,6,0.0
2682,BE_Wind_Offshore,BE_Balance,2030,9,1.0,1.0,7,12,0.0
2683,BE_Wind_Offshore,BE_Balance,2030,9,1.0,1.0,13,18,0.0
2684,BE_Wind_Offshore,BE_Balance,2030,9,1.0,1.0,19,24,0.0
2685,BE_Nuclear,BE_Balance,2030,9,1.0,1.0,1,6,0.0
2686,BE_Nuclear,BE_Balance,2030,9,1.0,1.0,7,12,0.0
2687,BE_Nuclear,BE_Balance,2030,9,1.0,1.0,13,18,0.0
2688,BE_Nuclear,BE_Balance,2030,9,1.0,1.0,19,24,0.0
2689,BE_CCGT,BE_Balance,2030,9,1.0,1.0,1,6,0.0
2690,BE_CCGT,BE_Balance,2030,9,1.0,1.0,7,12,0.0
2691,BE_CCGT,BE_Balance,2030,9,1.0,1.0,13,18,0.0
2692,BE_CCGT,BE_Balance,2030,9,1.0,1.0,19,24,0.0
2693,BE_OCGT,BE_Balance,2030,9,1.0,1.0,1,6,0.0
2694,BE_OCGT,BE_Balance,2030,9,1.0,1.0,7,12,0.0
2695,BE_OCGT,BE_Balance,2030,9,1.0,1.0,13,18,0.0
2696,BE_OCGT,BE_Balance,2030,9,1.0,1.0,19,24,0.0
2697,BE_Battery,BE_Balance,2030,9,1.0,1.0,1,6,0.0
2698,BE_Battery,BE_Balance,2030,9,1.0,1.0,7,12,0.1288537655961164
2699,BE_Battery,BE_Balance,2030,9,1.0,1.0,13,18,0.0
2700,BE_Battery,BE_Balance,2030,9,1.0,1.0,19,24,0.1288537655961164
2701,BE_Balance,BE_Battery,2030,9,1.0,1.0,1,6,0.12885376559611644
2702,BE_Balance,BE_Battery,2030,9,1.0,1.0,7,12,0.0
2703,BE_Balance,BE_Battery,2030,9,1.0,1.0,13,18,0.1288537655961164
2704,BE_Balance,BE_Battery,2030,9,1.0,1.0,19,24,0.0
2705,DE_Balance,DE_E_Demand,2030,9,1.0,1.0,1,6,42145.66042956353
2706,DE_Balance,DE_E_Demand,2030,9,1.0,1.0,7,12,53419.5072711901
2707,DE_Balance,DE_E_Demand,2030,9,1.0,1.0,13,18,53012.179616082416
2708,DE_Balance,DE_E_Demand,2030,9,1.0,1.0,19,24,44281.57590242248
2709,DE_Solar,DE_Balance,2030,9,1.0,1.0,1,6,36.24765672557968
2710,DE_Solar,DE_Balance,2030,9,1.0,1.0,7,12,26200.856749227907
2711,DE_Solar,DE_Balance,2030,9,1.0,1.0,13,18,36020.614332280806
2712,DE_Solar,DE_Balance,2030,9,1.0,1.0,19,24,1539.7852740906953
2713,DE_Wind_Onshore,DE_Balance,2030,9,1.0,1.0,1,6,46638.32727210735
2714,DE_Wind_Onshore,DE_Balance,2030,9,1.0,1.0,7,12,32218.650521962194
2715,DE_Wind_Onshore,DE_Balance,2030,9,1.0,1.0,13,18,21991.56528380161
2716,DE_Wind_Onshore,DE_Balance,2030,9,1.0,1.0,19,24,47741.790628331786
2717,DE_Wind_Offshore,DE_Balance,2030,9,1.0,1.0,1,6,0.0
2718,DE_Wind_Offshore,DE_Balance,2030,9,1.0,1.0,7,12,0.0
2719,DE_Wind_Offshore,DE_Balance,2030,9,1.0,1.0,13,18,0.0
2720,DE_Wind_Offshore,DE_Balance,2030,9,1.0,1.0,19,24,0.0
2721,DE_Coal,DE_Balance,2030,9,1.0,1.0,1,6,0.0
2722,DE_Coal,DE_Balance,2030,9,1.0,1.0,7,12,0.0
2723,DE_Coal,DE_Balance,2030,9,1.0,1.0,13,18,0.0
2724,DE_Coal,DE_Balance,2030,9,1.0,1.0,19,24,0.0
2725,DE_CCGT,DE_Balance,2030,9,1.0,1.0,1,6,0.0
2726,DE_CCGT,DE_Balance,2030,9,1.0,1.0,7,12,0.0
2727,DE_CCGT,DE_Balance,2030,9,1.0,1.0,13,18,0.0
2728,DE_CCGT,DE_Balance,2030,9,1.0,1.0,19,24,0.0
2729,DE_OCGT,DE_Balance,2030,9,1.0,1.0,1,6,0.0
2730,DE_OCGT,DE_Balance,2030,9,1.0,1.0,7,12,0.0
2731,DE_OCGT,DE_Balance,2030,9,1.0,1.0,13,18,0.0
2732,DE_OCGT,DE_Balance,2030,9,1.0,1.0,19,24,0.0
2733,DE_Battery,DE_Balance,2030,9,1.0,1.0,1,6,0.0
2734,DE_Battery,DE_Balance,2030,9,1.0,1.0,7,12,0.0
2735,DE_Battery,DE_Balance,2030,9,1.0,1.0,13,18,0.0
2736,DE_Battery,DE_Balance,2030,9,1.0,1.0,19,24,0.0
2737,FR_Balance,FR_E_Demand,2030,9,1.0,1.0,1,6,39147.04530304377
2738,FR_Balance,FR_E_Demand,2030,9,1.0,1.0,7,12,45866.726012460655
2739,FR_Balance,FR_E_Demand,2030,9,1.0,1.0,13,18,45474.18657817932
2740,FR_Balance,FR_E_Demand,2030,9,1.0,1.0,19,24,49917.06996921998
2741,FR_Wind_Onshore,FR_Balance,2030,9,1.0,1.0,1,6,40147.604981047865
2742,FR_Wind_Onshore,FR_Balance,2030,9,1.0,1.0,7,12,36642.70790575591
2743,FR_Wind_Onshore,FR_Balance,2030,9,1.0,1.0,13,18,33333.91363460275
2744,FR_Wind_Onshore,FR_Balance,2030,9,1.0,1.0,19,24,45588.290610252545
2745,FR_Wind_Offshore,FR_Balance,2030,9,1.0,1.0,1,6,0.0
2746,FR_Wind_Offshore,FR_Balance,2030,9,1.0,1.0,7,12,0.0
2747,FR_Wind_Offshore,FR_Balance,2030,9,1.0,1.0,13,18,0.0
2748,FR_Wind_Offshore,FR_Balance,2030,9,1.0,1.0,19,24,0.0
2749,FR_Coal,FR_Balance,2030,9,1.0,1.0,1,6,0.0
2750,FR_Coal,FR_Balance,2030,9,1.0,1.0,7,12,0.0
2751,FR_Coal,FR_Balance,2030,9,1.0,1.0,13,18,0.0
2752,FR_Coal,FR_Balance,2030,9,1.0,1.0,19,24,2.384185791015626e-07
2753,FR_Nuclear,FR_Balance,2030,9,1.0,1.0,1,6,0.0
2754,FR_Nuclear,FR_Balance,2030,9,1.0,1.0,7,12,0.0
2755,FR_Nuclear,FR_Balance,2030,9,1.0,1.0,13,18,0.0
2756,FR_Nuclear,FR_Balance,2030,9,1.0,1.0,19,24,9.536743164062504e-07
2757,FR_CCGT,FR_Balance,2030,9,1.0,1.0,1,6,0.0
2758,FR_CCGT,FR_Balance,2030,9,1.0,1.0,7,12,0.0
2759,FR_CCGT,FR_Balance,2030,9,1.0,1.0,13,18,0.0
2760,FR_CCGT,FR_Balance,2030,9,1.0,1.0,19,24,0.0
2761,FR_Battery,FR_Balance,2030,9,1.0,1.0,1,6,0.0
2762,FR_Battery,FR_Balance,2030,9,1.0,1.0,7,12,0.0
2763,FR_Battery,FR_Balance,2030,9,1.0,1.0,13,18,0.0
2764,FR_Battery,FR_Balance,2030,9,1.0,1.0,19,24,0.5783955594482783
2765,FR_Balance,FR_Battery,2030,9,1.0,1.0,1,6,0.5783955594482781
2766,FR_Balance,FR_Battery,2030,9,1.0,1.0,7,12,0.0
2767,FR_Balance,FR_Battery,2030,9,1.0,1.0,13,18,0.0
2768,FR_Balance,FR_Battery,2030,9,1.0,1.0,19,24,0.0
2769,LU_Balance,LU_E_Demand,2030,9,1.0,1.0,1,6,528.9144992693953
2770,LU_Balance,LU_E_Demand,2030,9,1.0,1.0,7,12,645.446642388279
2771,LU_Balance,LU_E_Demand,2030,9,1.0,1.0,13,18,656.9104403669767
2772,LU_Balance,LU_E_Demand,2030,9,1.0,1.0,19,24,595.2432838975815
2773,LU_Solar,LU_Balance,2030,9,1.0,1.0,1,6,0.0
2774,LU_Solar,LU_Balance,2030,9,1.0,1.0,7,12,0.0
2775,LU_Solar,LU_Balance,2030,9,1.0,1.0,13,18,0.0
2776,LU_Solar,LU_Balance,2030,9,1.0,1.0,19,24,0.0
2777,LU_Wind_Onshore,LU_Balance,2030,9,1.0,1.0,1,6,0.0
2778,LU_Wind_Onshore,LU_Balance,2030,9,1.0,1.0,7,12,0.0
2779,LU_Wind_Onshore,LU_Balance,2030,9,1.0,1.0,13,18,0.0
2780,LU_Wind_Onshore,LU_Balance,2030,9,1.0,1.0,19,24,0.0
2781,LU_Wind_Offshore,LU_Balance,2030,9,1.0,1.0,1,6,0.0
2782,LU_Wind_Offshore,LU_Balance,2030,9,1.0,1.0,7,12,0.0
2783,LU_Wind_Offshore,LU_Balance,2030,9,1.0,1.0,13,18,0.0
2784,LU_Wind_Offshore,LU_Balance,2030,9,1.0,1.0,19,24,0.0
2785,LU_Coal,LU_Balance,2030,9,1.0,1.0,1,6,0.0
2786,LU_Coal,LU_Balance,2030,9,1.0,1.0,7,12,0.0
2787,LU_Coal,LU_Balance,2030,9,1.0,1.0,13,18,0.0
2788,LU_Coal,LU_Balance,2030,9,1.0,1.0,19,24,375.02700516536385
2789,LU_CCGT,LU_Balance,2030,9,1.0,1.0,1,6,0.0
2790,LU_CCGT,LU_Balance,2030,9,1.0,1.0,7,12,0.0
2791,LU_CCGT,LU_Balance,2030,9,1.0,1.0,13,18,0.0
2792,LU_CCGT,LU_Balance,2030,9,1.0,1.0,19,24,0.0
2793,LU_OCGT,LU_Balance,2030,9,1.0,1.0,1,6,0.0
2794,LU_OCGT,LU_Balance,2030,9,1.0,1.0,7,12,0.0
2795,LU_OCGT,LU_Balance,2030,9,1.0,1.0,13,18,0.0
2796,LU_OCGT,LU_Balance,2030,9,1.0,1.0,19,24,0.0
2797,LU_Balance,LU_Battery,2030,9,1.0,1.0,1,6,0.0
2798,LU_Balance,LU_Battery,2030,9,1.0,1.0,7,12,0.0
2799,LU_Balance,LU_Battery,2030,9,1.0,1.0,13,18,0.0
2800,LU_Balance,LU_Battery,2030,9,1.0,1.0,19,24,0.0
2801,CH_Balance,CH_E_Demand,2030,9,1.0,1.0,1,6,5035.450712019046
2802,CH_Balance,CH_E_Demand,2030,9,1.0,1.0,7,12,6066.473951631186
2803,CH_Balance,CH_E_Demand,2030,9,1.0,1.0,13,18,5845.156046945071
2804,CH_Balance,CH_E_Demand,2030,9,1.0,1.0,19,24,5350.474124469593
2805,CH_Solar,CH_Balance,2030,9,1.0,1.0,1,6,0.213986319
2806,CH_Solar,CH_Balance,2030,9,1.0,1.0,7,12,2238.322855188279
2807,CH_Solar,CH_Balance,2030,9,1.0,1.0,13,18,3707.899799487488
2808,CH_Solar,CH_Balance,2030,9,1.0,1.0,19,24,158.11711420234866
2809,CH_Coal,CH_Balance,2030,9,1.0,1.0,1,6,0.0
2810,CH_Coal,CH_Balance,2030,9,1.0,1.0,7,12,0.0
2811,CH_Coal,CH_Balance,2030,9,1.0,1.0,13,18,0.0
2812,CH_Coal,CH_Balance,2030,9,1.0,1.0,19,24,0.0
2813,CH_Nuclear,CH_Balance,2030,9,1.0,1.0,1,6,0.0
2814,CH_Nuclear,CH_Balance,2030,9,1.0,1.0,7,12,0.0
2815,CH_Nuclear,CH_Balance,2030,9,1.0,1.0,13,18,0.0
2816,CH_Nuclear,CH_Balance,2030,9,1.0,1.0,19,24,0.0
2817,CH_Battery,CH_Balance,2030,9,1.0,1.0,1,6,0.0
2818,CH_Battery,CH_Balance,2030,9,1.0,1.0,7,12,0.0
2819,CH_Battery,CH_Balance,2030,9,1.0,1.0,13,18,0.0
2820,CH_Battery,CH_Balance,2030,9,1.0,1.0,19,24,438.157015650966
2821,CH_Balance,CH_Battery,2030,9,1.0,1.0,1,6,438.15701565096595
2822,CH_Balance,CH_Battery,2030,9,1.0,1.0,7,12,0.0
2823,CH_Balance,CH_Battery,2030,9,1.0,1.0,13,18,0.0
2824,CH_Balance,CH_Battery,2030,9,1.0,1.0,19,24,0.0
2825,UK_Balance,UK_E_Demand,2030,9,1.0,1.0,1,6,22469.769598027477
2826,UK_Balance,UK_E_Demand,2030,9,1.0,1.0,7,12,33365.3876681466
2827,UK_Balance,UK_E_Demand,2030,9,1.0,1.0,13,18,35706.31352636719
2828,UK_Balance,UK_E_Demand,2030,9,1.0,1.0,19,24,32538.911406918323
2829,UK_Solar,UK_Balance,2030,9,1.0,1.0,1,6,8.955376744186046e-05
2830,UK_Solar,UK_Balance,2030,9,1.0,1.0,7,12,3.2041950552558136
2831,UK_Solar,UK_Balance,2030,9,1.0,1.0,13,18,6.449435704744186
2832,UK_Solar,UK_Balance,2030,9,1.0,1.0,19,24,0.6320825615581395
2833,UK_Wind_Onshore,UK_Balance,2030,9,1.0,1.0,1,6,25469.76950847371
2834,UK_Wind_Onshore,UK_Balance,2030,9,1.0,1.0,7,12,36362.18347309134
2835,UK_Wind_Onshore,UK_Balance,2030,9,1.0,1.0,13,18,35938.23520098542
2836,UK_Wind_Onshore,UK_Balance,2030,9,1.0,1.0,19,24,35192.189106576014
2837,UK_Wind_Offshore,UK_Balance,2030,9,1.0,1.0,1,6,0.0
2838,UK_Wind_Offshore,UK_Balance,2030,9,1.0,1.0,7,12,0.0
2839,UK_Wind_Offshore,UK_Balance,2030,9,1.0,1.0,13,18,0.0
2840,UK_Wind_Offshore,UK_Balance,2030,9,1.0,1.0,19,24,0.0
2841,UK_Coal,UK_Balance,2030,9,1.0,1.0,1,6,0.0
2842,UK_Coal,UK_Balance,2030,9,1.0,1.0,7,12,0.0
2843,UK_Coal,UK_Balance,2030,9,1.0,1.0,13,18,0.0
2844,UK_Coal,UK_Balance,2030,9,1.0,1.0,19,24,0.0
2845,UK_Nuclear,UK_Balance,2030,9,1.0,1.0,1,6,0.0
2846,UK_Nuclear,UK_Balance,2030,9,1.0,1.0,7,12,0.0
2847,UK_Nuclear,UK_Balance,2030,9,1.0,1.0,13,18,0.0
2848,UK_Nuclear,UK_Balance,2030,9,1.0,1.0,19,24,9.536743164062504e-07
2849,UK_Balance,UK_Battery,2030,9,1.0,1.0,1,6,0.0
2850,UK_Balance,UK_Battery,2030,9,1.0,1.0,7,12,0.0
2851,UK_Balance,UK_Battery,2030,9,1.0,1.0,13,18,0.0
2852,UK_Balance,UK_Battery,2030,9,1.0,1.0,19,24,0.0
2853,NL_Balance,DE_Balance,2030,9,1.0,1.0,1,6,-1000.0
2854,NL_Balance,DE_Balance,2030,9,1.0,1.0,7,12,-1000.0
2855,NL_Balance,DE_Balance,2030,9,1.0,1.0,13,18,-1000.0
2856,NL_Balance,DE_Balance,2030,9,1.0,1.0,19,24,-1000.0
2857,NL_Balance,UK_Balance,2030,9,1.0,1.0,1,6,-1000.0
2858,NL_Balance,UK_Balance,2030,9,1.0,1.0,7,12,-1000.0
2859,NL_Balance,UK_Balance,2030,9,1.0,1.0,13,18,-516.0374316136815
2860,NL_Balance,UK_Balance,2030,9,1.0,1.0,19,24,-1000.0
2861,NL_Balance,BE_Balance,2030,9,1.0,1.0,1,6,-1000.0
2862,NL_Balance,BE_Balance,2030,9,1.0,1.0,7,12,573.0881758720174
2863,NL_Balance,BE_Balance,2030,9,1.0,1.0,13,18,1000.0
2864,NL_Balance,BE_Balance,2030,9,1.0,1.0,19,24,-748.6846013260599
2865,BE_Balance,DE_Balance,2030,9,1.0,1.0,1,6,-1000.0
2866,BE_Balance,DE_Balance,2030,9,1.0,1.0,7,12,-1000.0
2867,BE_Balance,DE_Balance,2030,9,1.0,1.0,13,18,-1000.0
2868,BE_Balance,DE_Balance,2030,9,1.0,1.0,19,24,-1000.0
2869,BE_Balance,UK_Balance,2030,9,1.0,1.0,1,6,-1000.0
2870,BE_Balance,UK_Balance,2030,9,1.0,1.0,7,12,-1000.0
2871,BE_Balance,UK_Balance,2030,9,1.0,1.0,13,18,-722.3336787092986
2872,BE_Balance,UK_Balance,2030,9,1.0,1.0,19,24,-1000.0
2873,BE_Balance,FR_Balance,2030,9,1.0,1.0,1,6,-1000.0
2874,BE_Balance,FR_Balance,2030,9,1.0,1.0,7,12,-1000.0
2875,BE_Balance,FR_Balance,2030,9,1.0,1.0,13,18,-1000.0
2876,BE_Balance,FR_Balance,2030,9,1.0,1.0,19,24,942.2027060567657
2877,DE_Balance,CH_Balance,2030,9,1.0,1.0,1,6,1000.0
2878,DE_Balance,CH_Balance,2030,9,1.0,1.0,7,12,1000.0
2879,DE_Balance,CH_Balance,2030,9,1.0,1.0,13,18,1000.0
2880,DE_Balance,CH_Balance,2030,9,1.0,1.0,19,24,1000.0
2881,DE_Balance,LU_Balance,2030,9,1.0,1.0,1,6,528.9144992693953
2882,DE_Balance,LU_Balance,2030,9,1.0,1.0,7,12,1000.0
2883,DE_Balance,LU_Balance,2030,9,1.0,1.0,13,18,1000.0
2884,DE_Balance,LU_Balance,2030,9,1.0,1.0,19,24,1000.0
2885,FR_Balance,CH_Balance,2030,9,1.0,1.0,1,6,1000.0
2886,FR_Balance,CH_Balance,2030,9,1.0,1.0,7,12,1000.0
2887,FR_Balance,CH_Balance,2030,9,1.0,1.0,13,18,1000.0
2888,FR_Balance,CH_Balance,2030,9,1.0,1.0,19,24,-1000.0
2889,FR_Balance,LU_Balance,2030,9,1.0,1.0,1,6,1000.0
2890,FR_Balance,LU_Balance,2030,9,1.0,1.0,7,12,-1000.0
2891,FR_Balance,LU_Balance,2030,9,1.0,1.0,13,18,656.9104403669767
2892,FR_Balance,LU_Balance,2030,9,1.0,1.0,19,24,220.21627777854326
2893,NL_Nuclear,NL_Balance,2030,9,1.0,1.0,1,6,0.0
2894,NL_Nuclear,NL_Balance,2030,9,1.0,1.0,7,12,0.0
2895,NL_Nuclear,NL_Balance,2030,9,1.0,1.0,13,18,0.0
2896,NL_Nuclear,NL_Balance,2030,9,1.0,1.0,19,24,9.536743164062504e-07
2897,NL_OCGT,NL_Balance,2030,9,1.0,1.0,1,6,0.0
2898,NL_OCGT,NL_Balance,2030,9,1.0,1.0,7,12,0.0
2899,NL_OCGT,NL_Balance,2030,9,1.0,1.0,13,18,0.0
2900,NL_OCGT,NL_Balance,2030,9,1.0,1.0,19,24,0.0
2901,NL_Battery,NL_Balance,2030,9,1.0,1.0,1,6,0.0
2902,NL_Battery,NL_Balance,2030,9,1.0,1.0,7,12,0.0
2903,NL_Battery,NL_Balance,2030,9,1.0,1.0,13,18,0.0
2904,NL_Battery,NL_Balance,2030,9,1.0,1.0,19,24,0.0
2905,NL_Balance,NL_Battery,2030,9,1.0,1.0,1,6,0.0
2906,NL_Balance,NL_Battery,2030,9,1.0,1.0,7,12,0.0
2907,NL_Balance,NL_Battery,2030,9,1.0,1.0,13,18,0.0
2908,NL_Balance,NL_Battery,2030,9,1.0,1.0,19,24,0.0
2909,FR_OCGT,FR_Balance,2030,9,1.0,1.0,1,6,0.0
2910,FR_OCGT,FR_Balance,2030,9,1.0,1.0,7,12,0.0
2911,FR_OCGT,FR_Balance,2030,9,1.0,1.0,13,18,0.0
2912,FR_OCGT,FR_Balance,2030,9,1.0,1.0,19,24,0.0
2913,LU_Nuclear,LU_Balance,2030,9,1.0,1.0,1,6,0.0
2914,LU_Nuclear,LU_Balance,2030,9,1.0,1.0,7,12,0.0
2915,LU_Nuclear,LU_Balance,2030,9,1.0,1.0,13,18,0.0
2916,LU_Nuclear,LU_Balance,2030,9,1.0,1.0,19,24,9.536743164062504e-07
2917,LU_Battery,LU_Balance,2030,9,1.0,1.0,1,6,0.0
2918,LU_Battery,LU_Balance,2030,9,1.0,1.0,7,12,0.0
2919,LU_Battery,LU_Balance,2030,9,1.0,1.0,13,18,0.0
2920,LU_Battery,LU_Balance,2030,9,1.0,1.0,19,24,0.0
2921,CH_Wind_Onshore,CH_Balance,2030,9,1.0,1.0,1,6,3473.3937413510116
2922,CH_Wind_Onshore,CH_Balance,2030,9,1.0,1.0,7,12,1828.1510964429067
2923,CH_Wind_Onshore,CH_Balance,2030,9,1.0,1.0,13,18,137.2562474575825
2924,CH_Wind_Onshore,CH_Balance,2030,9,1.0,1.0,19,24,4754.199994616279
2925,CH_Wind_Offshore,CH_Balance,2030,9,1.0,1.0,1,6,0.0
2926,CH_Wind_Offshore,CH_Balance,2030,9,1.0,1.0,7,12,0.0
2927,CH_Wind_Offshore,CH_Balance,2030,9,1.0,1.0,13,18,0.0
2928,CH_Wind_Offshore,CH_Balance,2030,9,1.0,1.0,19,24,0.0
2929,CH_CCGT,CH_Balance,2030,9,1.0,1.0,1,6,0.0
2930,CH_CCGT,CH_Balance,2030,9,1.0,1.0,7,12,0.0
2931,CH_CCGT,CH_Balance,2030,9,1.0,1.0,13,18,0.0
2932,CH_CCGT,CH_Balance,2030,9,1.0,1.0,19,24,0.0
2933,UK_CCGT,UK_Balance,2030,9,1.0,1.0,1,6,0.0
2934,UK_CCGT,UK_Balance,2030,9,1.0,1.0,7,12,0.0
2935,UK_CCGT,UK_Balance,2030,9,1.0,1.0,13,18,0.0
2936,UK_CCGT,UK_Balance,2030,9,1.0,1.0,19,24,0.0
2937,UK_OCGT,UK_Balance,2030,9,1.0,1.0,1,6,0.0
2938,UK_OCGT,UK_Balance,2030,9,1.0,1.0,7,12,0.0
2939,UK_OCGT,UK_Balance,2030,9,1.0,1.0,13,18,0.0
2940,UK_OCGT,UK_Balance,2030,9,1.0,1.0,19,24,0.0
2941,DE_Balance,FR_Balance,2030,9,1.0,1.0,1,6,1000.0
2942,DE_Balance,FR_Balance,2030,9,1.0,1.0,7,12,1000.0
2943,DE_Balance,FR_Balance,2030,9,1.0,1.0,13,18,1000.0
2944,DE_Balance,FR_Balance,2030,9,1.0,1.0,19,24,1000.0
2945,BE_Coal,BE_Balance,2030,9,1.0,1.0,1,6,0.0
2946,BE_Coal,BE_Balance,2030,9,1.0,1.0,7,12,0.0
2947,BE_Coal,BE_Balance,2030,9,1.0,1.0,13,18,0.0
2948,BE_Coal,BE_Balance,2030,9,1.0,1.0,19,24,2.384185791015626e-07
2949,DE_Nuclear,DE_Balance,2030,9,1.0,1.0,1,6,0.0
2950,DE_Nuclear,DE_Balance,2030,9,1.0,1.0,7,12,0.0
2951,DE_Nuclear,DE_Balance,2030,9,1.0,1.0,13,18,0.0
2952,DE_Nuclear,DE_Balance,2030,9,1.0,1.0,19,24,0.0
2953,FR_Solar,FR_Balance,2030,9,1.0,1.0,1,6,0.018717555348837216
2954,FR_Solar,FR_Balance,2030,9,1.0,1.0,7,12,8224.018106704745
2955,FR_Solar,FR_Balance,2030,9,1.0,1.0,13,18,14797.18338394354
2956,FR_Solar,FR_Balance,2030,9,1.0,1.0,19,24,952.304750764743
2957,DE_Balance,DE_Battery,2030,9,1.0,1.0,1,6,0.0
2958,DE_Balance,DE_Battery,2030,9,1.0,1.0,7,12,0.0
2959,DE_Balance,DE_Battery,2030,9,1.0,1.0,13,18,0.0
2960,DE_Balance,DE_Battery,2030,9,1.0,1.0,19,24,0.0
2961,CH_OCGT,CH_Balance,2030,9,1.0,1.0,1,6,0.0
2962,CH_OCGT,CH_Balance,2030,9,1.0,1.0,7,12,0.0
2963,CH_OCGT,CH_Balance,2030,9,1.0,1.0,13,18,0.0
2964,CH_OCGT,CH_Balance,2030,9,1.0,1.0,19,24,0.0
2965,BE_Balance,LU_Balance,2030,9,1.0,1.0,1,6,-1000.0
2966,BE_Balance,LU_Balance,2030,9,1.0,1.0,7,12,645.446642388279
2967,BE_Balance,LU_Balance,2030,9,1.0,1.0,13,18,-1000.0
2968,BE_Balance,LU_Balance,2030,9,1.0,1.0,19,24,-1000.0
2969,UK_Battery,UK_Balance,2030,9,1.0,1.0,1,6,0.0
2970,UK_Battery,UK_Balance,2030,9,1.0,1.0,7,12,0.0
2971,UK_Battery,UK_Balance,2030,9,1.0,1.0,13,18,0.0
2972,UK_Battery,UK_Balance,2030,9,1.0,1.0,19,24,0.0
2973,FR_Balance,UK_Balance,2030,9,1.0,1.0,1,6,-1000.0
2974,FR_Balance,UK_Balance,2030,9,1.0,1.0,7,12,-1000.0
2975,FR_Balance,UK_Balance,2030,9,1.0,1.0,13,18,1000.0
2976,FR_Balance,UK_Balance,2030,9,1.0,1.0,19,24,-653.9097831729265
2977,NL_Coal,NL_Balance,2030,9,1.0,1.0,1,6,0.0
2978,NL_Coal,NL_Balance,2030,9,1.0,1.0,7,12,0.0
2979,NL_Coal,NL_Balance,2030,9,1.0,1.0,13,18,0.0
2980,NL_Coal,NL_Balance,2030,9,1.0,1.0,19,24,0.0
2981,BE_Balance,BE_E_Demand,2030,9,1.0,1.0,1,6,7436.27780853179
2982,BE_Balance,BE_E_Demand,2030,9,1.0,1.0,7,12,9230.623126062463
2983,BE_Balance,BE_E_Demand,2030,9,1.0,1.0,13,18,9429.273548837655
2984,BE_Balance,BE_E_Demand,2030,9,1.0,1.0,19,24,8953.588366123064
2985,BE_Solar,BE_Balance,2030,9,1.0,1.0,1,6,0.17656075604651164
2986,BE_Solar,BE_Balance,2030,9,1.0,1.0,7,12,2790.9679286379064
2987,BE_Solar,BE_Balance,2030,9,1.0,1.0,13,18,4707.068723893953
2988,BE_Solar,BE_Balance,2030,9,1.0,1.0,19,24,308.76212845046473
2989,NL_Solar,NL_Balance,2030,10,1.0,1.0,1,6,0.0
2990,NL_Solar,NL_Balance,2030,10,1.0,1.0,7,12,1286.23580264863
2991,NL_Solar,NL_Balance,2030,10,1.0,1.0,13,18,2406.5778233791957
2992,NL_Solar,NL_Balance,2030,10,1.0,1.0,19,24,9.498218969086938
2993,NL_Wind_Onshore,NL_Balance,2030,10,1.0,1.0,1,6,6481.30803496149
2994,NL_Wind_Onshore,NL_Balance,2030,10,1.0,1.0,7,12,6002.322518546963
2995,NL_Wind_Onshore,NL_Balance,2030,10,1.0,1.0,13,18,4955.4178314929895
2996,NL_Wind_Onshore,NL_Balance,2030,10,1.0,1.0,19,24,7520.914329828354
2997,NL_Wind_Offshore,NL_Balance,2030,10,1.0,1.0,1,6,0.0
2998,NL_Wind_Offshore,NL_Balance,2030,10,1.0,1.0,7,12,0.0
2999,NL_Wind_Offshore,NL_Balance,2030,10,1.0,1.0,13,18,0.0
3000,NL_Wind_Offshore,NL_Balance,2030,10,1.0,1.0,19,24,0.0
3001,NL_Nuclear,NL_Balance,2030,10,1.0,1.0,1,6,9.536743164062504e-07
3002,NL_Nuclear,NL_Balance,2030,10,1.0,1.0,7,12,9.536743164062504e-07
3003,NL_Nuclear,NL_Balance,2030,10,1.0,1.0,13,18,9.536743164062504e-07
3004,NL_Nuclear,NL_Balance,2030,10,1.0,1.0,19,24,9.536743164062504e-07
3005,NL_CCGT,NL_Balance,2030,10,1.0,1.0,1,6,3292.2325302725376
3006,NL_CCGT,NL_Balance,2030,10,1.0,1.0,7,12,4998.0
3007,NL_CCGT,NL_Balance,2030,10,1.0,1.0,13,18,4998.0
3008,NL_CCGT,NL_Balance,2030,10,1.0,1.0,19,24,4188.7689745686985
3009,NL_OCGT,NL_Balance,2030,10,1.0,1.0,1,6,0.0
3010,NL_OCGT,NL_Balance,2030,10,1.0,1.0,7,12,302.672548221104
3011,NL_OCGT,NL_Balance,2030,10,1.0,1.0,13,18,1428.0
3012,NL_OCGT,NL_Balance,2030,10,1.0,1.0,19,24,0.0
3013,NL_Balance,NL_Battery,2030,10,1.0,1.0,1,6,0.0
3014,NL_Balance,NL_Battery,2030,10,1.0,1.0,7,12,0.0
3015,NL_Balance,NL_Battery,2030,10,1.0,1.0,13,18,0.0
3016,NL_Balance,NL_Battery,2030,10,1.0,1.0,19,24,0.0
3017,BE_Wind_Onshore,BE_Balance,2030,10,1.0,1.0,1,6,6350.06356927874
3018,BE_Wind_Onshore,BE_Balance,2030,10,1.0,1.0,7,12,6297.293369103942
3019,BE_Wind_Onshore,BE_Balance,2030,10,1.0,1.0,13,18,5140.873297742938
3020,BE_Wind_Onshore,BE_Balance,2030,10,1.0,1.0,19,24,7220.987289983907
3021,BE_Wind_Offshore,BE_Balance,2030,10,1.0,1.0,1,6,0.0
3022,BE_Wind_Offshore,BE_Balance,2030,10,1.0,1.0,7,12,0.0
3023,BE_Wind_Offshore,BE_Balance,2030,10,1.0,1.0,13,18,0.0
3024,BE_Wind_Offshore,BE_Balance,2030,10,1.0,1.0,19,24,0.0
3025,BE_Nuclear,BE_Balance,2030,10,1.0,1.0,1,6,0.0
3026,BE_Nuclear,BE_Balance,2030,10,1.0,1.0,7,12,0.0
3027,BE_Nuclear,BE_Balance,2030,10,1.0,1.0,13,18,0.0
3028,BE_Nuclear,BE_Balance,2030,10,1.0,1.0,19,24,0.0
3029,BE_CCGT,BE_Balance,2030,10,1.0,1.0,1,6,0.0
3030,BE_CCGT,BE_Balance,2030,10,1.0,1.0,7,12,0.0
3031,BE_CCGT,BE_Balance,2030,10,1.0,1.0,13,18,0.0
3032,BE_CCGT,BE_Balance,2030,10,1.0,1.0,19,24,0.0
3033,BE_OCGT,BE_Balance,2030,10,1.0,1.0,1,6,0.0
3034,BE_OCGT,BE_Balance,2030,10,1.0,1.0,7,12,0.0
3035,BE_OCGT,BE_Balance,2030,10,1.0,1.0,13,18,0.0
3036,BE_OCGT,BE_Balance,2030,10,1.0,1.0,19,24,0.0
3037,BE_Battery,BE_Balance,2030,10,1.0,1.0,1,6,0.0
3038,BE_Battery,BE_Balance,2030,10,1.0,1.0,7,12,0.0
3039,BE_Battery,BE_Balance,2030,10,1.0,1.0,13,18,0.1288537655961164
3040,BE_Battery,BE_Balance,2030,10,1.0,1.0,19,24,0.1288537655961164
3041,DE_Balance,DE_E_Demand,2030,10,1.0,1.0,1,6,54440.509718891706
3042,DE_Balance,DE_E_Demand,2030,10,1.0,1.0,7,12,64391.376607283666
3043,DE_Balance,DE_E_Demand,2030,10,1.0,1.0,13,18,64250.64205746951
3044,DE_Balance,DE_E_Demand,2030,10,1.0,1.0,19,24,57405.01135547934
3045,DE_Wind_Offshore,DE_Balance,2030,10,1.0,1.0,1,6,0.0
3046,DE_Wind_Offshore,DE_Balance,2030,10,1.0,1.0,7,12,0.0
3047,DE_Wind_Offshore,DE_Balance,2030,10,1.0,1.0,13,18,0.0
3048,DE_Wind_Offshore,DE_Balance,2030,10,1.0,1.0,19,24,0.0
3049,DE_Nuclear,DE_Balance,2030,10,1.0,1.0,1,6,9.537029654893563e-07
3050,DE_Nuclear,DE_Balance,2030,10,1.0,1.0,7,12,9.537029654893563e-07
3051,DE_Nuclear,DE_Balance,2030,10,1.0,1.0,13,18,9.537029654893563e-07
3052,DE_Nuclear,DE_Balance,2030,10,1.0,1.0,19,24,9.53698986450036e-07
3053,DE_CCGT,DE_Balance,2030,10,1.0,1.0,1,6,1428.0
3054,DE_CCGT,DE_Balance,2030,10,1.0,1.0,7,12,1428.0
3055,DE_CCGT,DE_Balance,2030,10,1.0,1.0,13,18,1428.0
3056,DE_CCGT,DE_Balance,2030,10,1.0,1.0,19,24,1369.1885395769978
3057,DE_OCGT,DE_Balance,2030,10,1.0,1.0,1,6,0.0
3058,DE_OCGT,DE_Balance,2030,10,1.0,1.0,7,12,0.0
3059,DE_OCGT,DE_Balance,2030,10,1.0,1.0,13,18,0.0
3060,DE_OCGT,DE_Balance,2030,10,1.0,1.0,19,24,0.0
3061,DE_Battery,DE_Balance,2030,10,1.0,1.0,1,6,0.0
3062,DE_Battery,DE_Balance,2030,10,1.0,1.0,7,12,0.0
3063,DE_Battery,DE_Balance,2030,10,1.0,1.0,13,18,0.6016761825740105
3064,DE_Battery,DE_Balance,2030,10,1.0,1.0,19,24,0.6016761825740105
3065,DE_Balance,DE_Battery,2030,10,1.0,1.0,1,6,0.6016761825740105
3066,DE_Balance,DE_Battery,2030,10,1.0,1.0,7,12,0.0
3067,DE_Balance,DE_Battery,2030,10,1.0,1.0,13,18,0.0
3068,DE_Balance,DE_Battery,2030,10,1.0,1.0,19,24,0.6016761825740105
3069,FR_Wind_Onshore,FR_Balance,2030,10,1.0,1.0,1,6,48972.82702978821
3070,FR_Wind_Onshore,FR_Balance,2030,10,1.0,1.0,7,12,47375.0424711258
3071,FR_Wind_Onshore,FR_Balance,2030,10,1.0,1.0,13,18,41935.30000244852
3072,FR_Wind_Onshore,FR_Balance,2030,10,1.0,1.0,19,24,54572.63845115384
3073,FR_Wind_Offshore,FR_Balance,2030,10,1.0,1.0,1,6,0.0
3074,FR_Wind_Offshore,FR_Balance,2030,10,1.0,1.0,7,12,0.0
3075,FR_Wind_Offshore,FR_Balance,2030,10,1.0,1.0,13,18,0.0
3076,FR_Wind_Offshore,FR_Balance,2030,10,1.0,1.0,19,24,0.0
3077,FR_Coal,FR_Balance,2030,10,1.0,1.0,1,6,2.384185791015626e-07
3078,FR_Coal,FR_Balance,2030,10,1.0,1.0,7,12,2.384185791015626e-07
3079,FR_Coal,FR_Balance,2030,10,1.0,1.0,13,18,2.384185791015626e-07
3080,FR_Coal,FR_Balance,2030,10,1.0,1.0,19,24,2.384185791015626e-07
3081,FR_Nuclear,FR_Balance,2030,10,1.0,1.0,1,6,9.536743164062504e-07
3082,FR_Nuclear,FR_Balance,2030,10,1.0,1.0,7,12,9.536743164062504e-07
3083,FR_Nuclear,FR_Balance,2030,10,1.0,1.0,13,18,9.536743164062504e-07
3084,FR_Nuclear,FR_Balance,2030,10,1.0,1.0,19,24,9.536743164062504e-07
3085,FR_CCGT,FR_Balance,2030,10,1.0,1.0,1,6,0.0
3086,FR_CCGT,FR_Balance,2030,10,1.0,1.0,7,12,1785.0
3087,FR_CCGT,FR_Balance,2030,10,1.0,1.0,13,18,1785.0
3088,FR_CCGT,FR_Balance,2030,10,1.0,1.0,19,24,1785.0
3089,FR_OCGT,FR_Balance,2030,10,1.0,1.0,1,6,0.0
3090,FR_OCGT,FR_Balance,2030,10,1.0,1.0,7,12,1735.4518613751643
3091,FR_OCGT,FR_Balance,2030,10,1.0,1.0,13,18,0.0
3092,FR_OCGT,FR_Balance,2030,10,1.0,1.0,19,24,0.0
3093,FR_Battery,FR_Balance,2030,10,1.0,1.0,1,6,0.0
3094,FR_Battery,FR_Balance,2030,10,1.0,1.0,7,12,0.5783955594482783
3095,FR_Battery,FR_Balance,2030,10,1.0,1.0,13,18,0.0
3096,FR_Battery,FR_Balance,2030,10,1.0,1.0,19,24,0.5783955594482783
3097,LU_Balance,LU_E_Demand,2030,10,1.0,1.0,1,6,760.4366118276522
3098,LU_Balance,LU_E_Demand,2030,10,1.0,1.0,7,12,856.5884589557392
3099,LU_Balance,LU_E_Demand,2030,10,1.0,1.0,13,18,847.8367965423479
3100,LU_Balance,LU_E_Demand,2030,10,1.0,1.0,19,24,833.3669706318262
3101,LU_Solar,LU_Balance,2030,10,1.0,1.0,1,6,0.0
3102,LU_Solar,LU_Balance,2030,10,1.0,1.0,7,12,0.0
3103,LU_Solar,LU_Balance,2030,10,1.0,1.0,13,18,0.0
3104,LU_Solar,LU_Balance,2030,10,1.0,1.0,19,24,0.0
3105,LU_Wind_Onshore,LU_Balance,2030,10,1.0,1.0,1,6,0.0
3106,LU_Wind_Onshore,LU_Balance,2030,10,1.0,1.0,7,12,0.0
3107,LU_Wind_Onshore,LU_Balance,2030,10,1.0,1.0,13,18,0.0
3108,LU_Wind_Onshore,LU_Balance,2030,10,1.0,1.0,19,24,0.0
3109,LU_CCGT,LU_Balance,2030,10,1.0,1.0,1,6,0.0
3110,LU_CCGT,LU_Balance,2030,10,1.0,1.0,7,12,0.0
3111,LU_CCGT,LU_Balance,2030,10,1.0,1.0,13,18,0.0
3112,LU_CCGT,LU_Balance,2030,10,1.0,1.0,19,24,0.0
3113,LU_OCGT,LU_Balance,2030,10,1.0,1.0,1,6,0.0
3114,LU_OCGT,LU_Balance,2030,10,1.0,1.0,7,12,0.0
3115,LU_OCGT,LU_Balance,2030,10,1.0,1.0,13,18,0.0
3116,LU_OCGT,LU_Balance,2030,10,1.0,1.0,19,24,0.0
3117,LU_Battery,LU_Balance,2030,10,1.0,1.0,1,6,0.0
3118,LU_Battery,LU_Balance,2030,10,1.0,1.0,7,12,0.0
3119,LU_Battery,LU_Balance,2030,10,1.0,1.0,13,18,0.0
3120,LU_Battery,LU_Balance,2030,10,1.0,1.0,19,24,0.0
3121,LU_Balance,LU_Battery,2030,10,1.0,1.0,1,6,0.0
3122,LU_Balance,LU_Battery,2030,10,1.0,1.0,7,12,0.0
3123,LU_Balance,LU_Battery,2030,10,1.0,1.0,13,18,0.0
3124,LU_Balance,LU_Battery,2030,10,1.0,1.0,19,24,0.0
3125,CH_Balance,CH_E_Demand,2030,10,1.0,1.0,1,6,6202.751056044043
3126,CH_Balance,CH_E_Demand,2030,10,1.0,1.0,7,12,7289.515694368033
3127,CH_Balance,CH_E_Demand,2030,10,1.0,1.0,13,18,7075.876734293086
3128,CH_Balance,CH_E_Demand,2030,10,1.0,1.0,19,24,6617.203128057674
3129,CH_Solar,CH_Balance,2030,10,1.0,1.0,1,6,0.0
3130,CH_Solar,CH_Balance,2030,10,1.0,1.0,7,12,1623.1381064024997
3131,CH_Solar,CH_Balance,2030,10,1.0,1.0,13,18,2954.7047905019995
3132,CH_Solar,CH_Balance,2030,10,1.0,1.0,19,24,10.546750153499847
3133,CH_Wind_Offshore,CH_Balance,2030,10,1.0,1.0,1,6,0.0
3134,CH_Wind_Offshore,CH_Balance,2030,10,1.0,1.0,7,12,0.0
3135,CH_Wind_Offshore,CH_Balance,2030,10,1.0,1.0,13,18,0.0
3136,CH_Wind_Offshore,CH_Balance,2030,10,1.0,1.0,19,24,0.0
3137,CH_Coal,CH_Balance,2030,10,1.0,1.0,1,6,0.0
3138,CH_Coal,CH_Balance,2030,10,1.0,1.0,7,12,0.0
3139,CH_Coal,CH_Balance,2030,10,1.0,1.0,13,18,0.0
3140,CH_Coal,CH_Balance,2030,10,1.0,1.0,19,24,0.0
3141,CH_Nuclear,CH_Balance,2030,10,1.0,1.0,1,6,0.0
3142,CH_Nuclear,CH_Balance,2030,10,1.0,1.0,7,12,0.0
3143,CH_Nuclear,CH_Balance,2030,10,1.0,1.0,13,18,0.0
3144,CH_Nuclear,CH_Balance,2030,10,1.0,1.0,19,24,0.0
3145,UK_Balance,UK_E_Demand,2030,10,1.0,1.0,1,6,26361.107528427303
3146,UK_Balance,UK_E_Demand,2030,10,1.0,1.0,7,12,38449.700852232985
3147,UK_Balance,UK_E_Demand,2030,10,1.0,1.0,13,18,41832.94291339577
3148,UK_Balance,UK_E_Demand,2030,10,1.0,1.0,19,24,39101.18951155443
3149,UK_Solar,UK_Balance,2030,10,1.0,1.0,1,6,0.0
3150,UK_Solar,UK_Balance,2030,10,1.0,1.0,7,12,1.5249088848913044
3151,UK_Solar,UK_Balance,2030,10,1.0,1.0,13,18,3.861879939652173
3152,UK_Solar,UK_Balance,2030,10,1.0,1.0,19,24,0.055514064391304095
3153,UK_Wind_Onshore,UK_Balance,2030,10,1.0,1.0,1,6,29361.107528427303
3154,UK_Wind_Onshore,UK_Balance,2030,10,1.0,1.0,7,12,33043.88585996775
3155,UK_Wind_Onshore,UK_Balance,2030,10,1.0,1.0,13,18,33565.068003914814
3156,UK_Wind_Onshore,UK_Balance,2030,10,1.0,1.0,19,24,37499.18727749666
3157,UK_Wind_Offshore,UK_Balance,2030,10,1.0,1.0,1,6,0.0
3158,UK_Wind_Offshore,UK_Balance,2030,10,1.0,1.0,7,12,0.0
3159,UK_Wind_Offshore,UK_Balance,2030,10,1.0,1.0,13,18,0.0
3160,UK_Wind_Offshore,UK_Balance,2030,10,1.0,1.0,19,24,0.0
3161,UK_Nuclear,UK_Balance,2030,10,1.0,1.0,1,6,0.0
3162,UK_Nuclear,UK_Balance,2030,10,1.0,1.0,7,12,9.536743164062504e-07
3163,UK_Nuclear,UK_Balance,2030,10,1.0,1.0,13,18,9.536743164062504e-07
3164,UK_Nuclear,UK_Balance,2030,10,1.0,1.0,19,24,9.536743164062504e-07
3165,UK_CCGT,UK_Balance,2030,10,1.0,1.0,1,6,0.0
3166,UK_CCGT,UK_Balance,2030,10,1.0,1.0,7,12,4284.0
3167,UK_CCGT,UK_Balance,2030,10,1.0,1.0,13,18,4284.0
3168,UK_CCGT,UK_Balance,2030,10,1.0,1.0,19,24,481.94671903970504
3169,NL_Balance,DE_Balance,2030,10,1.0,1.0,1,6,1000.0
3170,NL_Balance,DE_Balance,2030,10,1.0,1.0,7,12,1000.0
3171,NL_Balance,DE_Balance,2030,10,1.0,1.0,13,18,1000.0
3172,NL_Balance,DE_Balance,2030,10,1.0,1.0,19,24,1000.0
3173,NL_Balance,UK_Balance,2030,10,1.0,1.0,1,6,-1000.0
3174,NL_Balance,UK_Balance,2030,10,1.0,1.0,7,12,-999.7099175733282
3175,NL_Balance,UK_Balance,2030,10,1.0,1.0,13,18,-536.9741240014915
3176,NL_Balance,UK_Balance,2030,10,1.0,1.0,19,24,-1000.0
3177,NL_Balance,BE_Balance,2030,10,1.0,1.0,1,6,248.92427275539436
3178,NL_Balance,BE_Balance,2030,10,1.0,1.0,7,12,1000.0
3179,NL_Balance,BE_Balance,2030,10,1.0,1.0,13,18,1000.0
3180,NL_Balance,BE_Balance,2030,10,1.0,1.0,19,24,1000.0
3181,BE_Balance,UK_Balance,2030,10,1.0,1.0,1,6,-1000.0
3182,BE_Balance,UK_Balance,2030,10,1.0,1.0,7,12,-1000.0
3183,BE_Balance,UK_Balance,2030,10,1.0,1.0,13,18,-603.0128474108814
3184,BE_Balance,UK_Balance,2030,10,1.0,1.0,19,24,-1000.0
3185,DE_Balance,FR_Balance,2030,10,1.0,1.0,1,6,-1000.0
3186,DE_Balance,FR_Balance,2030,10,1.0,1.0,7,12,-1000.0
3187,DE_Balance,FR_Balance,2030,10,1.0,1.0,13,18,-1000.0
3188,DE_Balance,FR_Balance,2030,10,1.0,1.0,19,24,1000.0
3189,DE_Balance,CH_Balance,2030,10,1.0,1.0,1,6,-14.872679670967045
3190,DE_Balance,CH_Balance,2030,10,1.0,1.0,7,12,300.02110795761655
3191,DE_Balance,CH_Balance,2030,10,1.0,1.0,13,18,-1000.0
3192,DE_Balance,CH_Balance,2030,10,1.0,1.0,19,24,-641.4202804786971
3193,DE_Balance,LU_Balance,2030,10,1.0,1.0,1,6,-1000.0
3194,DE_Balance,LU_Balance,2030,10,1.0,1.0,7,12,-1000.0
3195,DE_Balance,LU_Balance,2030,10,1.0,1.0,13,18,-1000.0
3196,DE_Balance,LU_Balance,2030,10,1.0,1.0,19,24,-1000.0
3197,FR_Balance,CH_Balance,2030,10,1.0,1.0,1,6,1000.0
3198,FR_Balance,CH_Balance,2030,10,1.0,1.0,7,12,967.036628319044
3199,FR_Balance,CH_Balance,2030,10,1.0,1.0,13,18,544.6799468680105
3200,FR_Balance,CH_Balance,2030,10,1.0,1.0,19,24,1000.0
3201,FR_Balance,LU_Balance,2030,10,1.0,1.0,1,6,-326.8495242741295
3202,FR_Balance,LU_Balance,2030,10,1.0,1.0,7,12,-439.4115419979353
3203,FR_Balance,LU_Balance,2030,10,1.0,1.0,13,18,-448.16320441132666
3204,FR_Balance,LU_Balance,2030,10,1.0,1.0,19,24,-1000.0
3205,NL_Balance,NL_E_Demand,2030,10,1.0,1.0,1,6,12820.61629343231
3206,NL_Balance,NL_E_Demand,2030,10,1.0,1.0,7,12,14884.9407879437
3207,NL_Balance,NL_E_Demand,2030,10,1.0,1.0,13,18,15620.969779827352
3208,NL_Balance,NL_E_Demand,2030,10,1.0,1.0,19,24,14015.181524319814
3209,NL_Battery,NL_Balance,2030,10,1.0,1.0,1,6,0.0
3210,NL_Battery,NL_Balance,2030,10,1.0,1.0,7,12,0.0
3211,NL_Battery,NL_Balance,2030,10,1.0,1.0,13,18,0.0
3212,NL_Battery,NL_Balance,2030,10,1.0,1.0,19,24,0.0
3213,BE_Coal,BE_Balance,2030,10,1.0,1.0,1,6,2.384185791015626e-07
3214,BE_Coal,BE_Balance,2030,10,1.0,1.0,7,12,2.384185791015626e-07
3215,BE_Coal,BE_Balance,2030,10,1.0,1.0,13,18,2.384185791015626e-07
3216,BE_Coal,BE_Balance,2030,10,1.0,1.0,19,24,2.384185791015626e-07
3217,DE_Solar,DE_Balance,2030,10,1.0,1.0,1,6,0.0
3218,DE_Solar,DE_Balance,2030,10,1.0,1.0,7,12,15848.396328189125
3219,DE_Solar,DE_Balance,2030,10,1.0,1.0,13,18,24892.331338178803
3220,DE_Solar,DE_Balance,2030,10,1.0,1.0,19,24,36.593457295107974
3221,DE_Wind_Onshore,DE_Balance,2030,10,1.0,1.0,1,6,48998.23871421119
3222,DE_Wind_Onshore,DE_Balance,2030,10,1.0,1.0,7,12,43415.001385860036
3223,DE_Wind_Onshore,DE_Balance,2030,10,1.0,1.0,13,18,32929.70904191601
3224,DE_Wind_Onshore,DE_Balance,2030,10,1.0,1.0,19,24,54640.612369081915
3225,FR_Balance,FR_E_Demand,2030,10,1.0,1.0,1,6,47299.098159694986
3226,FR_Balance,FR_E_Demand,2030,10,1.0,1.0,7,12,54378.96076301247
3227,FR_Balance,FR_E_Demand,2030,10,1.0,1.0,13,18,50816.46729212614
3228,FR_Balance,FR_E_Demand,2030,10,1.0,1.0,19,24,58005.863080501105
3229,FR_Solar,FR_Balance,2030,10,1.0,1.0,1,6,0.0
3230,FR_Solar,FR_Balance,2030,10,1.0,1.0,7,12,4875.488664171652
3231,FR_Solar,FR_Balance,2030,10,1.0,1.0,13,18,10193.262426501651
3232,FR_Solar,FR_Balance,2030,10,1.0,1.0,19,24,91.81419866686946
3233,LU_Wind_Offshore,LU_Balance,2030,10,1.0,1.0,1,6,0.0
3234,LU_Wind_Offshore,LU_Balance,2030,10,1.0,1.0,7,12,0.0
3235,LU_Wind_Offshore,LU_Balance,2030,10,1.0,1.0,13,18,0.0
3236,LU_Wind_Offshore,LU_Balance,2030,10,1.0,1.0,19,24,0.0
3237,CH_Wind_Onshore,CH_Balance,2030,10,1.0,1.0,1,6,3076.159417605471
3238,CH_Wind_Onshore,CH_Balance,2030,10,1.0,1.0,7,12,2256.7841697984118
3239,CH_Wind_Onshore,CH_Balance,2030,10,1.0,1.0,13,18,2522.902068044419
3240,CH_Wind_Onshore,CH_Balance,2030,10,1.0,1.0,19,24,4017.666587261528
3241,CH_CCGT,CH_Balance,2030,10,1.0,1.0,1,6,2142.0
3242,CH_CCGT,CH_Balance,2030,10,1.0,1.0,7,12,2142.0
3243,CH_CCGT,CH_Balance,2030,10,1.0,1.0,13,18,2142.0
3244,CH_CCGT,CH_Balance,2030,10,1.0,1.0,19,24,2142.0
3245,CH_Balance,CH_Battery,2030,10,1.0,1.0,1,6,0.5356818904606371
3246,CH_Balance,CH_Battery,2030,10,1.0,1.0,7,12,0.0
3247,CH_Balance,CH_Battery,2030,10,1.0,1.0,13,18,88.41007112134315
3248,CH_Balance,CH_Battery,2030,10,1.0,1.0,19,24,0.0
3249,UK_Coal,UK_Balance,2030,10,1.0,1.0,1,6,0.0
3250,UK_Coal,UK_Balance,2030,10,1.0,1.0,7,12,4120.0
3251,UK_Coal,UK_Balance,2030,10,1.0,1.0,13,18,4120.0
3252,UK_Coal,UK_Balance,2030,10,1.0,1.0,19,24,4120.0
3253,UK_OCGT,UK_Balance,2030,10,1.0,1.0,1,6,0.0
3254,UK_OCGT,UK_Balance,2030,10,1.0,1.0,7,12,0.0
3255,UK_OCGT,UK_Balance,2030,10,1.0,1.0,13,18,0.0
3256,UK_OCGT,UK_Balance,2030,10,1.0,1.0,19,24,0.0
3257,BE_Balance,DE_Balance,2030,10,1.0,1.0,1,6,1000.0
3258,BE_Balance,DE_Balance,2030,10,1.0,1.0,7,12,1000.0
3259,BE_Balance,DE_Balance,2030,10,1.0,1.0,13,18,1000.0
3260,BE_Balance,DE_Balance,2030,10,1.0,1.0,19,24,-282.8032921454975
3261,FR_Balance,UK_Balance,2030,10,1.0,1.0,1,6,-1000.0
3262,FR_Balance,UK_Balance,2030,10,1.0,1.0,7,12,-1000.0
3263,FR_Balance,UK_Balance,2030,10,1.0,1.0,13,18,1000.0
3264,FR_Balance,UK_Balance,2030,10,1.0,1.0,19,24,-1000.0
3265,BE_Balance,BE_Battery,2030,10,1.0,1.0,1,6,0.12885376559611644
3266,BE_Balance,BE_Battery,2030,10,1.0,1.0,7,12,0.0
3267,BE_Balance,BE_Battery,2030,10,1.0,1.0,13,18,0.0
3268,BE_Balance,BE_Battery,2030,10,1.0,1.0,19,24,0.1288537655961164
3269,BE_Balance,LU_Balance,2030,10,1.0,1.0,1,6,-1000.0
3270,BE_Balance,LU_Balance,2030,10,1.0,1.0,7,12,-1000.0
3271,BE_Balance,LU_Balance,2030,10,1.0,1.0,13,18,-1000.0
3272,BE_Balance,LU_Balance,2030,10,1.0,1.0,19,24,-462.6330303218483
3273,DE_Coal,DE_Balance,2030,10,1.0,1.0,1,6,2.384185791015626e-07
3274,DE_Coal,DE_Balance,2030,10,1.0,1.0,7,12,2.384185791015626e-07
3275,DE_Coal,DE_Balance,2030,10,1.0,1.0,13,18,2.384185791015626e-07
3276,DE_Coal,DE_Balance,2030,10,1.0,1.0,19,24,2.384185791015626e-07
3277,FR_Balance,FR_Battery,2030,10,1.0,1.0,1,6,0.5783955594482781
3278,FR_Balance,FR_Battery,2030,10,1.0,1.0,7,12,0.0
3279,FR_Balance,FR_Battery,2030,10,1.0,1.0,13,18,0.5783955594482783
3280,FR_Balance,FR_Battery,2030,10,1.0,1.0,19,24,0.0
3281,BE_Balance,FR_Balance,2030,10,1.0,1.0,1,6,-1000.0
3282,BE_Balance,FR_Balance,2030,10,1.0,1.0,7,12,-864.9755440905835
3283,BE_Balance,FR_Balance,2030,10,1.0,1.0,13,18,-1000.0
3284,BE_Balance,FR_Balance,2030,10,1.0,1.0,19,24,-444.167966071147
3285,LU_Nuclear,LU_Balance,2030,10,1.0,1.0,1,6,9.536743164062504e-07
3286,LU_Nuclear,LU_Balance,2030,10,1.0,1.0,7,12,9.536743164062504e-07
3287,LU_Nuclear,LU_Balance,2030,10,1.0,1.0,13,18,9.536743164062504e-07
3288,LU_Nuclear,LU_Balance,2030,10,1.0,1.0,19,24,9.536743164062504e-07
3289,CH_OCGT,CH_Balance,2030,10,1.0,1.0,1,6,0.0
3290,CH_OCGT,CH_Balance,2030,10,1.0,1.0,7,12,0.0
3291,CH_OCGT,CH_Balance,2030,10,1.0,1.0,13,18,0.0
3292,CH_OCGT,CH_Balance,2030,10,1.0,1.0,19,24,0.0
3293,CH_Battery,CH_Balance,2030,10,1.0,1.0,1,6,0.0
3294,CH_Battery,CH_Balance,2030,10,1.0,1.0,7,12,0.5356818904606371
3295,CH_Battery,CH_Balance,2030,10,1.0,1.0,13,18,0.0
3296,CH_Battery,CH_Balance,2030,10,1.0,1.0,19,24,88.41007112134315
3297,UK_Balance,UK_Battery,2030,10,1.0,1.0,1,6,0.0
3298,UK_Balance,UK_Battery,2030,10,1.0,1.0,7,12,0.0
3299,UK_Balance,UK_Battery,2030,10,1.0,1.0,13,18,0.0
3300,UK_Balance,UK_Battery,2030,10,1.0,1.0,19,24,0.0
3301,LU_Coal,LU_Balance,2030,10,1.0,1.0,1,6,3087.2861351481074
3302,LU_Coal,LU_Balance,2030,10,1.0,1.0,7,12,3296.0
3303,LU_Coal,LU_Balance,2030,10,1.0,1.0,13,18,3296.0
3304,LU_Coal,LU_Balance,2030,10,1.0,1.0,19,24,3296.0
3305,UK_Battery,UK_Balance,2030,10,1.0,1.0,1,6,0.0
3306,UK_Battery,UK_Balance,2030,10,1.0,1.0,7,12,0.0
3307,UK_Battery,UK_Balance,2030,10,1.0,1.0,13,18,0.0
3308,UK_Battery,UK_Balance,2030,10,1.0,1.0,19,24,0.0
3309,NL_Coal,NL_Balance,2030,10,1.0,1.0,1,6,3296.0
3310,NL_Coal,NL_Balance,2030,10,1.0,1.0,7,12,3296.0
3311,NL_Coal,NL_Balance,2030,10,1.0,1.0,13,18,3296.0
3312,NL_Coal,NL_Balance,2030,10,1.0,1.0,19,24,3296.0
3313,BE_Solar,BE_Balance,2030,10,1.0,1.0,1,6,0.0
3314,BE_Solar,BE_Balance,2030,10,1.0,1.0,7,12,1586.847554821304
3315,BE_Solar,BE_Balance,2030,10,1.0,1.0,13,18,3010.677560625651
3316,BE_Solar,BE_Balance,2030,10,1.0,1.0,19,24,17.11170629673905
3317,BE_Balance,BE_E_Demand,2030,10,1.0,1.0,1,6,8598.858988506956
3318,BE_Balance,BE_E_Demand,2030,10,1.0,1.0,7,12,10749.116468254248
3319,BE_Balance,BE_E_Demand,2030,10,1.0,1.0,13,18,10754.692559783485
3320,BE_Balance,BE_E_Demand,2030,10,1.0,1.0,19,24,10427.703285057558
